simulation name,Sequence,Chi(0),stdChi(0),Chi(3-0),Chi(2-0),Chi(1-0),Chi(-1-0),Chi(-2-0),Chi(-3-0),stdChi(3-0),stdChi(2-0),stdChi(1-0),stdChi(-1-0),stdChi(-2-0),stdChi(-3-0)
A1LCD,GSMASASSSQRGRSGSGNFGGGRGGGFGGNDNFGRGGNFSGRGGFGGSRGGGGYGGSGDGYNGFGNDGSNFGGGGSYNDFGNYNNQSSNFGPMKGGNFGGRSSGPYGGGGQYFAKPRNQGGYGGSSSSSSYGSGRRF,-0.35699536,0.051829965,0.381517105,0.224456792,0.039711782,-0.103673308,-0.201091751,-0.14846207,0.059550291,0.095494568,0.147202157,0.231106777,0.225127024,0.151317379
Ash1,GASASSSPSPSTPTKSGKMRSRSSSPVRPKAYTPSPRSPNYHRFALDSPPQSPRRSSNSSITKKGSRRSSGSSPTRHTTRVCV,0.766801584,0.019428411,0.119737807,0.09641872,0.064901975,-0.166339792,-0.367477177,-0.655170754,0.020838922,0.019788827,0.025340654,0.042788598,0.046215935,0.08969837
DP00007,MPKRGKKGAVAEDGDELRTEPEAKKSKTAAKKNDKEAAGEGPA,0.30993979,0.008230232,0.181268496,0.13773086,0.073336273,-0.070065554,-0.176363595,-0.348072559,0.008411226,0.012173434,0.010843057,0.010883359,0.014225804,0.072814619
DP00011,LPEETMDFMVQHTSFKEMKKNPMTNYTTVPQELMDHSISPFMRKGM,-0.524298087,0.027131821,0.281866853,0.154174628,0.108667131,-0.037047099,-0.056099975,-0.130158931,0.064516552,0.051749387,0.056685242,0.073948176,0.075916887,0.059985535
DP00013,DPRFQDSSSSKAPPPSLPSPSRLPGPSDTPILPQ,0.191741064,0.013182808,0.139828989,0.107379208,0.048134479,-0.050817165,-0.163302654,-0.288205924,0.014575269,0.013785451,0.015735131,0.028754217,0.0415593,0.038924349
DP00029,RSPDKQAAALPRRERNRQAAAASPENSRGKGRRGQR,0.557926827,0.010181258,0.180670508,0.138815417,0.092289837,-0.157909912,-0.416314839,-0.608974692,0.010615723,0.011582206,0.01163281,0.020804358,0.068305957,0.084416836
DP00048,LEAQEEEEVGFPVTPQVPLR,-0.219154992,0.019290983,0.264698563,0.202483692,0.102281269,-0.112414613,-0.202744277,-0.288054917,0.020911971,0.022148745,0.022433434,0.024881392,0.030399029,0.028738492
DP00055,LLPAGGENGSEATDVSDEVEAAEMEDEAVRSQVQHKPK,-0.305708937,0.176147949,0.379751133,0.351367315,0.291630382,-0.110183931,-0.232594108,-0.260943835,0.18018947,0.176403368,0.177552062,0.248218463,0.184516942,0.190831651
DP00060,DKFYTPKTRPSGHDIGKSFSKDNGGSIPPNLLQISNSE,-0.106995281,0.053222465,0.391549344,0.308230957,0.14676719,-0.193203648,-0.325052802,-0.311733133,0.061304784,0.057338486,0.073125371,0.066900787,0.129457181,0.127101225
DP00067,MFGRDPFDSLFERMFKEFFATPMTGTTMIQSS,-0.517579562,0.02940624,0.167844971,0.08406684,0.018886738,-0.049244387,-0.097256598,-0.069588103,0.051142592,0.046147013,0.053116348,0.063445866,0.035068255,0.064976405
DP00070,EEGAPQEGILEDMPVDPDNEAYEMPSEEGYQDYEPEA,0.45093513,0.290382224,0.42539962,0.35668871,0.238624751,-0.032781175,-0.255231265,-0.462865484,0.290473689,0.294949847,0.331339236,0.343691344,0.363070119,0.364277953
DP00080,DSQKRREILSRRPSYRKILNDLSSD,0.125108613,0.048610379,0.319051908,0.261375513,0.120325264,-0.196042885,-0.254721677,-0.346242753,0.049639214,0.04940176,0.053087446,0.07944396,0.061667979,0.069392135
DP00083,STDSTPMFEYENLEDNSKEWTSLFDNDIPVTTDD,0.111625591,0.156146542,0.46571609,0.397919774,0.18589361,-0.385592833,-0.404977496,-0.562689671,0.156329744,0.156992314,0.225387129,0.201649489,0.18209514,0.232351755
DP00100,IDLAAAPMGVEIMAPPGMEEMTSQLQSMFQNLGGQ,-0.458243597,0.03023886,0.056029278,0.037624751,-0.01619813,-0.050582844,-0.03371521,-0.10592851,0.035219363,0.043262253,0.036437237,0.05219567,0.032890552,0.100507814
DP00103,MSSKEQKTPEGQAPEEIIMDQHEEIEAVEPEA,0.082495519,0.089248464,0.320443462,0.257194109,0.187091177,-0.183455024,-0.396613335,-0.589773096,0.090306475,0.089837038,0.090662315,0.13302938,0.199022945,0.186810156
DP00107,SDNVQVAPQEVEVSSYLVGQIDSEVDTDDLSNFQL,-0.517408826,0.059534557,0.248076621,0.22826784,0.116028254,-0.022913548,-0.009430362,-0.08743953,0.11021335,0.077471781,0.087771948,0.103245561,0.116035548,0.070269728
DP00133,MAEEQARHVKNGLECIRALKAEPIGSLAIEEAMAAWSEISDNPGQERATC,-0.279592624,0.094270304,0.512367014,0.310896361,0.053387394,-0.16702346,-0.370460106,-0.356086496,0.11248792,0.131386398,0.122537209,0.134437746,0.184849732,0.203241459
DP00179,NTDQQKVSEIFQSSKEKLQGDAKVVSDAFKK,-0.277170228,0.1002816,0.55711799,0.453155926,0.199629088,-0.106808113,-0.222278146,-0.253117441,0.100932514,0.101191315,0.110763734,0.10120181,0.122701006,0.11226535
DP00246,MAQWDDFPDQQEDTDSCTESVKFDARSVTALLPPHPKNGPTLQERMKSYK,-0.571716795,0.070673362,0.25640926,0.19519547,0.05812985,-0.063181929,-0.091533426,-0.054545372,0.07367392,0.095292713,0.088435234,0.104709126,0.097789183,0.126508899
DP00284,TNVLNQGGEVGYDSSSNVIQDSNLDTAINPDDRPLSEIPTDDNPNMSMAEM,-0.485705703,0.104979132,0.794464581,0.693582425,0.36931342,-0.048463207,-0.174556095,-0.167488056,0.15940562,0.140845984,0.228890606,0.146195617,0.117808335,0.123265556
DP00303,HHEAELKPLAQSHATKHKIP,-0.183291996,0.017182698,0.304208489,0.224054824,0.10359145,-0.101292021,-0.172829782,-0.211923037,0.022493352,0.020934736,0.021167748,0.026162438,0.030613352,0.033245245
DP00356,TDFIDEEVLMSLVIEMGLDRIKELPELWLGQNEFDFMTDFVCKQQPSRVS,-0.501442395,0.043891277,0.476454943,0.257271523,0.138947022,-0.030969089,-0.085441988,-0.160664326,0.117028201,0.129346691,0.096901072,0.119187871,0.13834741,0.112441788
DP00398,KKVPVLPMVAGGSGLDEFINFDPEVERQQTELRHKRTGGKH,0.008169169,0.065473508,0.113041828,0.078254456,0.020869276,-0.163730518,-0.250261514,-0.420352534,0.065800048,0.069613179,0.084173313,0.099395263,0.201168035,0.127710643
DP00399,VEGGAHDVIVKDRINDYHPK,-0.097287523,0.020956422,0.216718006,0.158540362,0.091477896,-0.129405041,-0.208021658,-0.289795199,0.021593971,0.021371306,0.022202308,0.036212252,0.030417822,0.021960132
DP00438,NFGPKGFGYGQGAGALVHAQ,-0.407705278,0.018933441,0.074394353,0.052605767,0.023028232,-0.01720425,-0.047647049,-0.067134916,0.02733585,0.021288382,0.024709135,0.021369702,0.025731803,0.025756203
DP00449,EENRTEAPEETEPERETPSAINGNPSWHLADSPAVNGATGHSSSLDAREV,0.37620973,0.069194815,0.3242072,0.237357157,0.172954241,-0.063873666,-0.125250457,-0.26660575,0.069474905,0.06954299,0.070457659,0.076534435,0.070056522,0.118669753
DP00549,RPQGSARPQPDPNAEFDPDLPGGGLHRCLACARYFIDSTNLK,-0.09732542,0.038355036,0.250836008,0.165886922,0.082374568,-0.189991168,-0.287418181,-0.349363947,0.045231734,0.040413805,0.050028544,0.179088484,0.063399461,0.150443466
DP00557,DDKYRELRSQLSNKSLAPEVHQQISKQLADRER,-0.159498032,0.093008654,0.557390037,0.372415085,0.184175273,-0.026514727,-0.051464106,-0.052139967,0.09979577,0.133236642,0.133359242,0.150652983,0.136388876,0.124603225
DP00575,MKLAPYILELLTSVNRTNGT,-0.239848646,0.04760502,0.074853218,0.029568362,0.013398507,-0.03580008,-0.091743538,-0.127392078,0.049338429,0.059647608,0.054738225,0.070937745,0.086524769,0.09787412
DP00611,RTSIPNAASEEGDEDDWASN,-0.26378842,0.106920563,0.457481175,0.175829638,0.127648339,-0.270882081,-0.316757605,-0.297984489,0.112145644,0.328567078,0.115629172,0.163574619,0.142603674,0.145153652
DP00622,MSATAATVPPAAPAGEGGPPAPPPNLTSNRRLQQT,-0.398480033,0.128012248,0.383856739,0.216659629,0.110340929,-0.035843782,-0.083915113,-0.149339999,0.129112184,0.14004502,0.181667701,0.141746629,0.140147497,0.136864664
DP00628,GIHKQKEKSRLQGGVLVNEILNHMKRATQIPSYKKLIMY,-0.567573576,0.081460184,0.544354906,0.35033528,0.192942498,-0.047007409,-0.092841877,-0.063426056,0.086984075,0.086579695,0.089275196,0.098255198,0.124612861,0.152946427
DP00718,DMNSLMMGEDKIKFKHITPL,-0.291409297,0.015607839,0.186995887,0.097643386,0.049689907,-0.023316036,-0.091813833,-0.083791882,0.020377261,0.018674689,0.017622949,0.040965332,0.03111201,0.039294662
DP00719,MEAENAGSYSLQQAQAFYTFPFQQLMAEAPNMAVVNEQQMPEEVPAPAPA,-0.336071383,0.068249394,0.192061283,0.073899675,0.036686773,0.012021385,-0.113971754,-0.177359029,0.097857171,0.099665479,0.072239683,0.090045523,0.110070983,0.123589988
DP00720,KKKKEKKSEKKEKKEKKHKEKERTKKPSKKKKDSGK,1.240221835,0.00952341,0.079470548,0.056309908,0.033982232,-0.051219568,-0.215377804,-0.498899069,0.011358112,0.012764633,0.011462503,0.022933052,0.081394146,0.114000304
DP00764,DRRIPGTAEENLQKSSGGVP,0.014241529,0.010001055,0.227078046,0.148435948,0.080865441,-0.056090509,-0.113226811,-0.167182381,0.019985392,0.012353548,0.014875184,0.010484434,0.01107454,0.015391549
DP00768,HSSRPSQNIAAGLESPDQQAGAQILGQCGTGGSDEPSEPSRAEDPGPGPW,-0.130405721,0.052969303,0.279611151,0.19689906,0.154075782,-0.131770334,-0.290429157,-0.398762527,0.056372741,0.053419294,0.056395949,0.067615778,0.063728775,0.084225761
DP00778,MDFTAKIKELERELSETSDYKTLQKKTISL,-0.151584121,0.087213998,0.245429762,0.094434335,0.046881005,0.015361792,-0.145641328,-0.226642161,0.125048952,0.127359739,0.092313078,0.115066664,0.140656642,0.157932202
DP00809,AAPEKKESKPRKPKAAQVSEEASTPQGFNTLKDKLEEWIEMSNRKDLIKK,0.288598075,0.011895422,0.222974696,0.173696806,0.089977834,-0.133834868,-0.236134422,-0.290208025,0.012304501,0.012679041,0.020376374,0.053624734,0.117687388,0.072650857
DP00858,VGAANNQNPAAEDKGATTPASKEEAKKSEAAAKNAGKAAGKALPKTSAVK,-0.049981883,0.092637412,0.351917185,0.295748517,0.222826272,-0.453945485,-0.53652512,-0.61092597,0.092677229,0.093645235,0.095026379,0.207677111,0.112096025,0.098394469
DP00872,SGVNKSDKKVTPTEEKEQEAVSKSTSPAANSADTPNETGKRPLEEEKPPK,0.457006498,0.009572433,0.162240339,0.134849693,0.076951174,-0.214559776,-0.432244441,-0.518768928,0.012206948,0.009906912,0.011996808,0.035164833,0.051112778,0.03502408
DP00893,IRAPTTMKKFEDSEKAKKPVRSMIETRGEKPKEKAKNSKKKGAKKEG,0.736217637,0.009179916,0.131827503,0.104002427,0.075900532,-0.14803299,-0.390820643,-0.603984156,0.013039929,0.011226942,0.011942693,0.040479844,0.07567576,0.068400595
DP00897,KKILSMIPGFGGAMPKELSH,-0.254915913,0.015263906,0.199533842,0.151279523,0.042003857,-0.063480576,-0.15212334,-0.212487789,0.015785116,0.017790307,0.020673151,0.019511763,0.018600391,0.081241692
DP00899,QANVDPIVPNDFKPMKGYGN,-0.277693177,0.020743794,0.255445698,0.172059788,0.095896693,-0.093078394,-0.154095702,-0.216006911,0.022926454,0.025115097,0.024246709,0.028024799,0.028965342,0.076848378
DP00912,QEDEDEEEEREKKPAEQAEETAPIEATATKEEEGSS,0.747408678,0.063523162,0.222785603,0.176265977,0.126093439,-0.127886899,-0.212635235,-0.40065643,0.064426177,0.064197069,0.064102804,0.171920771,0.072237635,0.077125985
DP00929,KKRRQRRRAHQNSQTHQASLSKQPTSQPRGDPTGPKE,0.126857849,0.017999659,0.200548046,0.156914499,0.072451545,-0.14924991,-0.199080899,-0.325187747,0.019124048,0.020924394,0.02202969,0.054038859,0.083078782,0.103880736
DP00949,ILFKDNEKSCQNKESNKDDTKEAKESKENKEVSSPDDLELELENLEINDD,0.517967524,0.031714676,0.241180079,0.184546876,0.12208605,-0.328033897,-0.500218755,-0.93940378,0.032830157,0.033024441,0.032901875,0.401066934,0.203338072,0.321297533
DP00958,KLPVAQYSAPDGVEKSFAPI,-0.296859022,0.010028564,0.227966227,0.142299704,0.088883227,-0.072017236,-0.087682432,-0.101985801,0.014198884,0.020348315,0.013488781,0.024086469,0.013013059,0.027571399
DP00974,QNSARIRQNTREHPSTANTVDRTNHQLENLEAETAPLP,-0.368015916,0.035787222,0.532260803,0.4519449,0.304813375,-0.112608058,-0.164773024,-0.190743968,0.040423515,0.036718812,0.041720425,0.049290278,0.116825704,0.117904485
DP01023,MPRGFLVKRSKKSTPVSYRV,-0.085813601,0.023580128,0.40296095,0.27080073,0.169559515,-0.117890562,-0.264514968,-0.367479365,0.026610047,0.026293679,0.033756765,0.056371572,0.100695602,0.044505942
DP01082,NKTDTIAPTVQSVVSLSPTTIQVVYSESINNKEALDLSNYKIINSSN,-0.478179473,0.103842216,0.19276318,0.112822463,0.074639199,-0.041023521,-0.053389588,-0.109605452,0.115135014,0.114078456,0.112962411,0.157074268,0.119076969,0.130840218
DP01327,QTQQEEEEEDEDHGPDDYDEEDEDEVEEEETNRL,-0.237726169,0.319933167,1.016195326,0.763009528,0.483032723,0.208648586,0.114755427,-0.148511911,0.367967087,0.56133943,0.523927476,0.364250042,0.381623642,0.398636772
DP01641,GPRSPSYGRSRSRSRSRSRSRSRSNSRSRSYSPRRSRGSPRYSPRHSRSRSRT,1.303344392,0.01459243,0.070360487,0.050477215,0.027672897,-0.030157422,-0.099623392,-0.214420569,0.015793054,0.017278997,0.015768796,0.015451455,0.017181536,0.025509001
DP02138,KKEEEDDEEDEEDEEEEEEEEDEDEEEDDDD,0.885454216,0.319579866,0.171138849,0.151092194,0.108785052,-0.246107136,-0.350294823,-0.645067805,0.324840019,0.363201094,0.324824603,0.442180864,0.349827107,0.643104359
DP02143,MRVKGPSSRRKKKKILKLAKGYRGQRSRSYRRAKEAVMRALYYQYRDRKLRKREFRRLW,0.941573522,0.101897546,0.41369231,0.319174046,0.22981574,-0.252880655,-0.42374526,-0.581574817,0.104206656,0.103361555,0.111793944,0.25664139,0.19234006,0.176808786
E1A,MRHIICHGGVITEEMAASLLDQLIEEVLADNLPPPSHFEP,-0.364913653,0.042207861,0.180289237,0.103698282,0.059478201,-0.084862962,-0.044491421,-0.174102005,0.052450811,0.097556843,0.073939231,0.142571697,0.090284967,0.053765337
Fibs1NTD,MKPGFSPRGGGFGGRGGFGDRGGRGGRGGFGGGRGRGGGFRGRGRGGGGGGGGGGGGGRGGGGFHSGGNRGRGRGGKRGNQSGKNVMVEP,0.540477567,0.044911774,0.207226988,0.169458018,0.1185218,-0.131468566,-0.31671785,-0.466159057,0.045716751,0.046116258,0.045527864,0.049938982,0.065056586,0.095265972
NproteinNTD,MSDNGPQNQRNAPRITFGGPSDSTGSNQNGERSGARSKQRRPQGLPNNT,-0.311601454,0.19614106,0.627992805,0.573915092,0.426812716,-0.083233659,-0.329150661,-0.33148164,0.196218254,0.196263769,0.20211647,0.206348664,0.217802403,0.215666661
P03520,DNLTKVREYLKSYSRLDQAVGEIDEIEAQRAEKSNYELFQEDGVEEHTKPSYFQAADDS,0.156262499,0.112233828,0.411931162,0.373369387,0.161603936,-0.307981156,-0.393105539,-0.630384104,0.113241676,0.112817324,0.137340442,0.305345042,0.147264477,0.129351223
P15516,DSHAKRHHGYKRKFHEKHHSHRGY,0.023333214,0.060375828,0.350282687,0.24835662,0.129615323,-0.087805552,-0.172555824,-0.253034779,0.062426647,0.061188417,0.061917275,0.078774115,0.107009469,0.215835645
Q02199,GCQTSRGLFGNNNTNNINNSSSGMNNASAGLFGSKPCA,-0.448950664,0.041322863,0.115042554,0.101220989,0.035784178,-0.024266444,0.007431348,-0.041098683,0.049036734,0.044146761,0.069175232,0.064380935,0.123222225,0.09581987
Q03281,ACETNKRKREQISTDNEAKMQIQEEKSPKKKRKKRSSKANKPPECA,0.486236187,0.01442498,0.16431753,0.140361904,0.097047803,-0.151661019,-0.294617014,-0.437008705,0.016018971,0.021353676,0.01634669,0.037550981,0.077057214,0.08327453
Q16236_tail,EDGKPYSPSEYSLQQTRDGNVFLVPKSKKPDVKKN,0.068158096,0.022994346,0.105002381,0.07156904,0.020350859,-0.086778612,-0.199881012,-0.194838632,0.025823631,0.026628391,0.027595549,0.047250943,0.077138029,0.042365402
Q8B9Q8,MSFPEGKDILFMGNEAAKLAEAFQKSLRKPSHKRSQSIIGEKVNTVSETLELPTISRPTKP,-0.33094055,0.094787676,0.544912879,0.428408762,0.207794051,0.088802197,-0.044106585,-0.207548096,0.099838037,0.121786497,0.145144247,0.173652905,0.174572967,0.129849891
fl,KVSSKRIPYAPSGEIPKFSLQDPPNKKPKV,0.230909822,0.01530772,0.245413122,0.176629035,0.114075876,-0.097411732,-0.255704014,-0.428007178,0.017296243,0.019863481,0.022228374,0.035847809,0.129508117,0.062000035
p53,MEEPQSDPSVEPPLSQETFSDLWKLLPENNVLSPLPSQAMDDLMLSPDDIEQWFTEDPGPD,0.196182946,0.258437281,0.420064501,0.342576986,0.040888691,-0.060940388,-0.296571152,-0.335622028,0.308080612,0.314056932,0.28708436,0.277430265,0.327102166,0.308881042
pro,KVSSKRISYASSGEISKFSLQDSSNKKSKV,-0.126978082,0.069063443,0.548708078,0.429460674,0.267057063,-0.171670205,-0.33691448,-0.381784478,0.069142628,0.071114517,0.076644043,0.085818064,0.137025985,0.131612719
puma_wildfull,VEEEEWAREIGAQLRRIADDLNAQYERRRQEEQH,-0.128895042,0.065213484,0.618973389,0.524976583,0.223683967,-0.245570409,-0.31255361,-0.388231344,0.065745132,0.066917601,0.128251625,0.082443192,0.082406157,0.08331786
r1,KPSKSPKSISPKPALDPGFPYVNREQKVKI,0.209462694,0.010458196,0.212826612,0.148298573,0.093528563,-0.113934735,-0.188062115,-0.405133617,0.012253837,0.013599525,0.014701908,0.018346759,0.020246266,0.119419402
r2,DKKPYVFLSPNPKSPIKVQKKPSEAGRPIS,0.189618536,0.008097945,0.316829181,0.24753487,0.167085148,-0.27032238,-0.451971665,-0.617815047,0.010276076,0.011876333,0.017288521,0.109458084,0.1020406,0.067071
