protein,sequence,MTFE,Omega,Kappa,Length,NCPR,FCR,Hydro,Expand,RawRG,RawRGstd,normalRG,Helicity,HBonds,Contactfraction,EERG,EERGstd,prediction,Chi,stdChi
DP00764,DRRIPGTAEENLQKSSGGVP,-3,0.119020146,0.322012688,20,0,0.3,0.373333333,0.4,0.907444117,0.004434507,1.060484897,0.355801786,0.317629723,0.116176471,1.962324491,0.027103477,1.148775589,-0.145719832,0.011799253
DP00764,DRRIPGTAEENLQKSSGGVP,-1,0.119020146,0.322012688,20,0,0.3,0.373333333,0.4,0.968685603,0.003349303,1.060484897,0.343698214,0.281347466,0.102941176,2.2196835,0.007289946,1.148775589,-0.033680922,0.003173612
DP00764,DRRIPGTAEENLQKSSGGVP,0,0.119020146,0.322012688,20,0,0.3,0.373333333,0.4,1.006076447,0.007514572,1.060484897,0.303819643,0.253917263,0.095588235,2.349624578,0.023168766,1.148775589,0.022887747,0.010086312
DP00764,DRRIPGTAEENLQKSSGGVP,1,0.119020146,0.322012688,20,0,0.3,0.373333333,0.4,1.057107377,0.012963108,1.060484897,0.2660375,0.227416906,0.082352941,2.536960062,0.025509267,1.148775589,0.104442551,0.011105228
DP00764,DRRIPGTAEENLQKSSGGVP,3,0.119020146,0.322012688,20,0,0.3,0.373333333,0.4,1.178526522,0.016589816,1.060484897,0.117769643,0.152246783,0.036764706,2.87568089,0.040084752,1.148775589,0.251901591,0.017450533
DP00764,DRRIPGTAEENLQKSSGGVP,-2,0.119020146,0.322012688,20,0,0.3,0.373333333,0.4,0.93734587,0.002170484,1.060484897,0.35225,0.299920775,0.108823529,2.087319703,0.01101907,1.148775589,-0.091304301,0.004797052
DP00764,DRRIPGTAEENLQKSSGGVP,2,0.119020146,0.322012688,20,0,0.3,0.373333333,0.4,1.114331707,0.005074156,1.060484897,0.192780357,0.190694399,0.069117647,2.693496074,0.016799826,1.148775589,0.172589084,0.007313652
DP00768,HSSRPSQNIAAGLESPDQQAGAQILGQCGTGGSDEPSEPSRAEDPGPGPW,-2,0.385567766,0.285708122,50,-0.1,0.18,0.386222222,0.32,1.253635202,0.042760298,1.681112348,0.045438808,0.31990942,0.073744257,2.082910895,0.12743702,1.028006356,-0.41321041,0.035901064
DP00768,HSSRPSQNIAAGLESPDQQAGAQILGQCGTGGSDEPSEPSRAEDPGPGPW,-1,0.385567766,0.285708122,50,-0.1,0.18,0.386222222,0.32,1.408528763,0.036013961,1.681112348,0.030215489,0.269911546,0.062180079,2.653511882,0.15114077,1.028006356,-0.252462911,0.042578792
DP00768,HSSRPSQNIAAGLESPDQQAGAQILGQCGTGGSDEPSEPSRAEDPGPGPW,0,0.385567766,0.285708122,50,-0.1,0.18,0.386222222,0.32,1.565939158,0.012552279,1.681112348,0.063699973,0.24251107,0.051636285,3.127411043,0.190498935,1.028006356,-0.118957874,0.053666622
DP00768,HSSRPSQNIAAGLESPDQQAGAQILGQCGTGGSDEPSEPSRAEDPGPGPW,1,0.385567766,0.285708122,50,-0.1,0.18,0.386222222,0.32,1.709546794,0.033378859,1.681112348,0.054176283,0.175787963,0.029697379,3.681529571,0.069621368,1.028006356,0.037146251,0.019613462
DP00768,HSSRPSQNIAAGLESPDQQAGAQILGQCGTGGSDEPSEPSRAEDPGPGPW,2,0.385567766,0.285708122,50,-0.1,0.18,0.386222222,0.32,1.776488019,0.012744442,1.681112348,0.049583384,0.164718162,0.026588535,3.835539314,0.024883859,1.028006356,0.080533279,0.007010184
DP00768,HSSRPSQNIAAGLESPDQQAGAQILGQCGTGGSDEPSEPSRAEDPGPGPW,3,0.385567766,0.285708122,50,-0.1,0.18,0.386222222,0.32,1.879661028,0.030429791,1.681112348,0.041110896,0.12978389,0.011019643,4.133005288,0.069377842,1.028006356,0.164334241,0.019544857
DP00768,HSSRPSQNIAAGLESPDQQAGAQILGQCGTGGSDEPSEPSRAEDPGPGPW,-3,0.385567766,0.285708122,50,-0.1,0.18,0.386222222,0.32,1.137062044,0.079615721,1.681112348,0.01423411,0.332151483,0.076831961,1.69330049,0.235508947,1.028006356,-0.522969945,0.066346668
DP00778,MDFTAKIKELERELSETSDYKTLQKKTISL,-1,0.024788083,0.178796058,30,0,0.4,0.41,0.4,1.210591738,0.054759055,1.30070509,0.12175,0.225849474,0.052347084,2.761004052,0.24451601,1.089367157,-0.008586476,0.087800117
DP00778,MDFTAKIKELERELSETSDYKTLQKKTISL,-2,0.024788083,0.178796058,30,0,0.4,0.41,0.4,1.122383166,0.045216602,1.30070509,0.199704704,0.285398955,0.06742532,2.478079496,0.62193359,1.089367157,-0.110178225,0.223322154
DP00778,MDFTAKIKELERELSETSDYKTLQKKTISL,-3,0.024788083,0.178796058,30,0,0.4,0.41,0.4,1.05703946,0.030340389,1.30070509,0.083986934,0.298344948,0.096728307,1.921944369,0.358516776,1.089367157,-0.309873653,0.12873519
DP00778,MDFTAKIKELERELSETSDYKTLQKKTISL,0,0.024788083,0.178796058,30,0,0.4,0.41,0.4,1.304430985,0.036114225,1.30070509,0.198229094,0.231348782,0.033854908,3.296342674,0.214074309,1.089367157,0.183641402,0.076869197
DP00778,MDFTAKIKELERELSETSDYKTLQKKTISL,1,0.024788083,0.178796058,30,0,0.4,0.41,0.4,1.394691982,0.057502962,1.30070509,0.122023519,0.160873899,0.021337127,3.364577537,0.172962212,1.089367157,0.208142984,0.062106782
DP00778,MDFTAKIKELERELSETSDYKTLQKKTISL,2,0.024788083,0.178796058,30,0,0.4,0.41,0.4,1.49567822,0.011455383,1.30070509,0.044907666,0.100652017,0.007396871,3.552205985,0.077319344,1.089367157,0.275516076,0.027763611
DP00778,MDFTAKIKELERELSETSDYKTLQKKTISL,3,0.024788083,0.178796058,30,0,0.4,0.41,0.4,1.565440343,0.012086552,1.30070509,0.013799652,0.072340273,0.001422475,3.665947906,0.021406989,1.089367157,0.316358203,0.007686761
DP00809,AAPEKKESKPRKPKAAQVSEEASTPQGFNTLKDKLEEWIEMSNRKDLIKK,2,0.167914934,0.176480787,50,0.06,0.42,0.35,0.5,2.061923116,0.004785822,1.686059662,0.007085,0.059914991,0.001665125,5.259000974,0.015782022,1.026323596,0.481545385,0.00444605
DP00809,AAPEKKESKPRKPKAAQVSEEASTPQGFNTLKDKLEEWIEMSNRKDLIKK,-3,0.167914934,0.176480787,50,0.06,0.42,0.35,0.5,1.44912475,0.038224559,1.686059662,0.031885,0.232607857,0.05439408,3.590612479,0.257755598,1.026323596,0.01153344,0.072613909
DP00809,AAPEKKESKPRKPKAAQVSEEASTPQGFNTLKDKLEEWIEMSNRKDLIKK,3,0.167914934,0.176480787,50,0.06,0.42,0.35,0.5,2.140524557,0.00654578,1.686059662,0.005031429,0.051993749,0.000185014,5.436224101,0.011315623,1.026323596,0.531471998,0.003187793
DP00809,AAPEKKESKPRKPKAAQVSEEASTPQGFNTLKDKLEEWIEMSNRKDLIKK,-2,0.167914934,0.176480787,50,0.06,0.42,0.35,0.5,1.511754995,0.04133239,1.686059662,0.061002143,0.263896429,0.049583719,3.785082918,0.421083606,1.026323596,0.066318899,0.118626043
DP00809,AAPEKKESKPRKPKAAQVSEEASTPQGFNTLKDKLEEWIEMSNRKDLIKK,-1,0.167914934,0.176480787,50,0.06,0.42,0.35,0.5,1.576902866,0.046271002,1.686059662,0.047279896,0.192618092,0.047351279,4.152993291,0.188051309,1.026323596,0.169965184,0.052977086
DP00809,AAPEKKESKPRKPKAAQVSEEASTPQGFNTLKDKLEEWIEMSNRKDLIKK,0,0.167914934,0.176480787,50,0.06,0.42,0.35,0.5,1.774130391,0.015268917,1.686059662,0.034974404,0.124305373,0.020062507,4.634317346,0.042780727,1.026323596,0.305561933,0.012052021
DP00809,AAPEKKESKPRKPKAAQVSEEASTPQGFNTLKDKLEEWIEMSNRKDLIKK,1,0.167914934,0.176480787,50,0.06,0.42,0.35,0.5,1.920898389,0.034338503,1.686059662,0.01451997,0.085600283,0.005112212,4.957913854,0.059497971,1.026323596,0.396724287,0.016761538
DP00858,VGAANNQNPAAEDKGATTPASKEEAKKSEAAAKNAGKAAGKALPKTSAVK,3,0.126995804,0.111459175,50,0.08,0.28,0.407111111,0.34,2.080342277,0.005415992,1.693673758,0.022522857,0.065349427,0.000925069,4.682283381,0.009769172,1.017405388,0.319074738,0.002752133
DP00858,VGAANNQNPAAEDKGATTPASKEEAKKSEAAAKNAGKAAGKALPKTSAVK,2,0.126995804,0.111459175,50,0.08,0.28,0.407111111,0.34,2.012494658,0.008568216,1.693673758,0.042913571,0.083079093,0.004810361,4.480278244,0.049277265,1.017405388,0.262166633,0.0138822
DP00858,VGAANNQNPAAEDKGATTPASKEEAKKSEAAAKNAGKAAGKALPKTSAVK,-1,0.126995804,0.111459175,50,0.08,0.28,0.407111111,0.34,1.205743401,0.110815925,1.693673758,0.24634,0.362712419,0.081591119,1.784076856,0.668467546,1.017405388,-0.497396778,0.188318088
DP00858,VGAANNQNPAAEDKGATTPASKEEAKKSEAAAKNAGKAAGKALPKTSAVK,-2,0.126995804,0.111459175,50,0.08,0.28,0.407111111,0.34,1.122922583,0.072057201,1.693673758,0.280260714,0.394335714,0.100647549,1.48708725,0.226996219,1.017405388,-0.58106354,0.063948496
DP00858,VGAANNQNPAAEDKGATTPASKEEAKKSEAAAKNAGKAAGKALPKTSAVK,-3,0.126995804,0.111459175,50,0.08,0.28,0.407111111,0.34,1.142501595,0.077215996,1.693673758,0.094330714,0.309189286,0.085846438,1.219511846,0.119267333,1.017405388,-0.656443846,0.033599531
DP00858,VGAANNQNPAAEDKGATTPASKEEAKKSEAAAKNAGKAAGKALPKTSAVK,0,0.126995804,0.111459175,50,0.08,0.28,0.407111111,0.34,1.661414866,0.10600976,1.693673758,0.195796429,0.215607101,0.040888067,3.416647535,0.33316142,1.017405388,-0.03747529,0.093856945
DP00858,VGAANNQNPAAEDKGATTPASKEEAKKSEAAAKNAGKAAGKALPKTSAVK,1,0.126995804,0.111459175,50,0.08,0.28,0.407111111,0.34,1.92193013,0.009526634,1.693673758,0.081269286,0.112680439,0.012580944,4.218020497,0.076148896,1.017405388,0.188284397,0.021452372
DP00872,SGVNKSDKKVTPTEEKEQEAVSKSTSPAANSADTPNETGKRPLEEEKPPK,-2,0.144088756,0.112734307,50,-0.02,0.38,0.322666667,0.5,1.624664365,0.08230497,1.682738166,0.125475,0.284441429,0.060684551,3.685456828,0.180569659,1.033198272,0.038252623,0.050869385
DP00872,SGVNKSDKKVTPTEEKEQEAVSKSTSPAANSADTPNETGKRPLEEEKPPK,-1,0.144088756,0.112734307,50,-0.02,0.38,0.322666667,0.5,1.916812168,0.035111359,1.682738166,0.112819286,0.178536873,0.024051804,4.468338504,0.121691018,1.033198272,0.258803016,0.034282322
DP00872,SGVNKSDKKVTPTEEKEQEAVSKSTSPAANSADTPNETGKRPLEEEKPPK,0,0.144088756,0.112734307,50,-0.02,0.38,0.322666667,0.5,2.181418414,0.014863357,1.682738166,0.052545714,0.098065822,0.004070305,5.23998182,0.034426324,1.033198272,0.476187382,0.009698451
DP00872,SGVNKSDKKVTPTEEKEQEAVSKSTSPAANSADTPNETGKRPLEEEKPPK,1,0.144088756,0.112734307,50,-0.02,0.38,0.322666667,0.5,2.282910296,0.009433531,1.682738166,0.031018571,0.076708567,0.002220167,5.516729215,0.026006718,1.033198272,0.554151587,0.007326512
DP00872,SGVNKSDKKVTPTEEKEQEAVSKSTSPAANSADTPNETGKRPLEEEKPPK,2,0.144088756,0.112734307,50,-0.02,0.38,0.322666667,0.5,2.364124035,0.006016005,1.682738166,0.012441562,0.059657923,0.00015948,5.724955596,0.009179941,1.033198272,0.612812316,0.002586137
DP00872,SGVNKSDKKVTPTEEKEQEAVSKSTSPAANSADTPNETGKRPLEEEKPPK,3,0.144088756,0.112734307,50,-0.02,0.38,0.322666667,0.5,2.40064762,0.006823655,1.682738166,0.007500509,0.053807783,0,5.823463383,0.027242152,1.033198272,0.640563548,0.007674553
DP00872,SGVNKSDKKVTPTEEKEQEAVSKSTSPAANSADTPNETGKRPLEEEKPPK,-3,0.144088756,0.112734307,50,-0.02,0.38,0.322666667,0.5,1.557145952,0.061760215,1.682738166,0.074472143,0.266098134,0.066604995,3.374279947,0.121164862,1.033198272,-0.049410923,0.034134096
DP00893,IRAPTTMKKFEDSEKAKKPVRSMIETRGEKPKEKAKNSKKKGAKKEG,3,0.072830655,0.170453145,47,0.212765957,0.510638298,0.311820331,0.574468085,2.557911928,0.006401533,1.631944001,0.003367781,0.038085921,0,6.521643092,0.032332146,1.166192484,0.892050637,0.00938016
DP00893,IRAPTTMKKFEDSEKAKKPVRSMIETRGEKPKEKAKNSKKKGAKKEG,2,0.072830655,0.170453145,47,0.212765957,0.510638298,0.311820331,0.574468085,2.525500957,0.005106453,1.631944001,0.007819909,0.042873361,0,6.42450132,0.022564168,1.166192484,0.863867992,0.006546287
DP00893,IRAPTTMKKFEDSEKAKKPVRSMIETRGEKPKEKAKNSKKKGAKKEG,1,0.072830655,0.170453145,47,0.212765957,0.510638298,0.311820331,0.574468085,2.49234834,0.008462594,1.631944001,0.015839666,0.049778072,0,6.326393128,0.026669588,1.166192484,0.83540497,0.007737346
DP00893,IRAPTTMKKFEDSEKAKKPVRSMIETRGEKPKEKAKNSKKKGAKKEG,0,0.072830655,0.170453145,47,0.212765957,0.510638298,0.311820331,0.574468085,2.404359792,0.013617993,1.631944001,0.055449088,0.078802021,0.00422833,6.061412284,0.032048551,1.166192484,0.758529071,0.009297884
DP00893,IRAPTTMKKFEDSEKAKKPVRSMIETRGEKPKEKAKNSKKKGAKKEG,-3,0.072830655,0.170453145,47,0.212765957,0.510638298,0.311820331,0.574468085,1.72394273,0.041536694,1.631944001,0.293677812,0.299277561,0.056448203,3.952807404,0.236637009,1.166192484,0.146783358,0.068652822
DP00893,IRAPTTMKKFEDSEKAKKPVRSMIETRGEKPKEKAKNSKKKGAKKEG,-2,0.072830655,0.170453145,47,0.212765957,0.510638298,0.311820331,0.574468085,1.97885222,0.099725552,1.631944001,0.25599848,0.223969453,0.032769556,4.696995176,0.262245089,1.166192484,0.362686149,0.076082205
DP00893,IRAPTTMKKFEDSEKAKKPVRSMIETRGEKPKEKAKNSKKKGAKKEG,-1,0.072830655,0.170453145,47,0.212765957,0.510638298,0.311820331,0.574468085,2.25368157,0.048150159,1.631944001,0.140775836,0.134504994,0.014587738,5.54460554,0.137639674,1.166192484,0.608593769,0.039931844
DP00897,KKILSMIPGFGGAMPKELSH,2,0.247776062,0.14011976,20,0.1,0.2,0.503333333,0.3,1.029321549,0.005005993,1.062891225,0.031743134,0.116123307,0.019257258,2.076544796,0.021170042,1.070094053,-0.095995059,0.009216186
DP00897,KKILSMIPGFGGAMPKELSH,1,0.247776062,0.14011976,20,0.1,0.2,0.503333333,0.3,0.956387146,0.011901332,1.062891225,0.069351023,0.15433426,0.050330226,1.82339327,0.032299566,1.070094053,-0.206202279,0.014061323
DP00897,KKILSMIPGFGGAMPKELSH,-2,0.247776062,0.14011976,20,0.1,0.2,0.503333333,0.3,0.849831961,0.008562458,1.062891225,0.114685265,0.220076014,0.188324708,1.373671955,0.024624802,1.070094053,-0.401984374,0.010720184
DP00897,KKILSMIPGFGGAMPKELSH,-1,0.247776062,0.14011976,20,0.1,0.2,0.503333333,0.3,0.887792484,0.008258991,1.062891225,0.094069701,0.190937632,0.119045937,1.579024636,0.028156573,1.070094053,-0.312585947,0.012257709
DP00897,KKILSMIPGFGGAMPKELSH,0,0.247776062,0.14011976,20,0.1,0.2,0.503333333,0.3,0.933137868,0.008401006,1.062891225,0.067009655,0.159304704,0.059616915,1.726085783,0.035360855,1.070094053,-0.248564211,0.015394027
DP00897,KKILSMIPGFGGAMPKELSH,3,0.247776062,0.14011976,20,0.1,0.2,0.503333333,0.3,1.060811076,0.002114319,1.062891225,0.023088391,0.104867819,0.013687543,2.188332305,0.009319388,1.070094053,-0.04732938,0.004057111
DP00897,KKILSMIPGFGGAMPKELSH,-3,0.247776062,0.14011976,20,0.1,0.2,0.503333333,0.3,0.820109953,0.023817992,1.062891225,0.130990599,0.261922116,0.235272483,1.23382973,0.18485543,1.070094053,-0.462863419,0.080475134
DP00899,QANVDPIVPNDFKPMKGYGN,1,0.023387766,0.447204224,20,0,0.2,0.409444444,0.35,0.995528912,0.006855575,1.06606619,0.00489619,0.125965965,0.008826048,1.895476607,0.029082536,1.085703224,-0.174821452,0.012660818
DP00899,QANVDPIVPNDFKPMKGYGN,2,0.023387766,0.447204224,20,0,0.2,0.409444444,0.35,1.032558248,0.009008904,1.06606619,0.004776684,0.117219604,0,2.071918483,0.032800034,1.085703224,-0.098009082,0.014279197
DP00899,QANVDPIVPNDFKPMKGYGN,3,0.023387766,0.447204224,20,0,0.2,0.409444444,0.35,1.074800935,0.005383124,1.06606619,0.004102454,0.104080385,0,2.265092968,0.022617412,1.085703224,-0.013912322,0.009846285
DP00899,QANVDPIVPNDFKPMKGYGN,-2,0.023387766,0.447204224,20,0,0.2,0.409444444,0.35,0.868931258,0.020691293,1.06606619,0.007127568,0.191704198,0.141178989,1.316336175,0.046833002,1.085703224,-0.426944986,0.020388323
DP00899,QANVDPIVPNDFKPMKGYGN,-3,0.023387766,0.447204224,20,0,0.2,0.409444444,0.35,0.811014837,0.020194445,1.06606619,0.010145548,0.260003146,0.264691193,1.172910677,0.171420894,1.085703224,-0.489383976,0.074626531
DP00899,QANVDPIVPNDFKPMKGYGN,-1,0.023387766,0.447204224,20,0,0.2,0.409444444,0.35,0.901578761,0.012595459,1.06606619,0.010393479,0.180319853,0.091162621,1.457690835,0.043653879,1.085703224,-0.365407517,0.01900432
DP00899,QANVDPIVPNDFKPMKGYGN,0,0.023387766,0.447204224,20,0,0.2,0.409444444,0.35,0.94594238,0.006302504,1.06606619,0.005830836,0.15421063,0.050001679,1.67331924,0.048055742,1.085703224,-0.271535647,0.020920631
DP00912,QEDEDEEEEREKKPAEQAEETAPIEATATKEEEGSS,2,0.34094591,0.342030388,36,-0.333333333,0.555555556,0.274691358,0.611111111,2.137579903,0.004031473,1.428008293,0.008415557,0.054127269,0,5.909075145,0.028498219,1.28153098,0.945794425,0.009384155
DP00912,QEDEDEEEEREKKPAEQAEETAPIEATATKEEEGSS,3,0.34094591,0.342030388,36,-0.333333333,0.555555556,0.274691358,0.611111111,2.171778403,0.005570083,1.428008293,0.00449259,0.049610314,0,6.051972474,0.033018277,1.28153098,0.992848967,0.010872561
DP00912,QEDEDEEEEREKKPAEQAEETAPIEATATKEEEGSS,0,0.34094591,0.342030388,36,-0.333333333,0.555555556,0.274691358,0.611111111,2.003107964,0.052609983,1.428008293,0.031909772,0.084184753,0.020075758,5.367627609,0.195128181,1.28153098,0.767501617,0.064253596
DP00912,QEDEDEEEEREKKPAEQAEETAPIEATATKEEEGSS,-1,0.34094591,0.342030388,36,-0.333333333,0.555555556,0.274691358,0.611111111,1.911661485,0.098523534,1.428008293,0.055166231,0.11044437,0.029545455,4.974789197,0.49072874,1.28153098,0.638144185,0.161591657
DP00912,QEDEDEEEEREKKPAEQAEETAPIEATATKEEEGSS,-2,0.34094591,0.342030388,36,-0.333333333,0.555555556,0.274691358,0.611111111,1.823306281,0.032591292,1.428008293,0.085152164,0.144946196,0.046969697,4.714462283,0.105656359,1.28153098,0.552421352,0.034791494
DP00912,QEDEDEEEEREKKPAEQAEETAPIEATATKEEEGSS,-3,0.34094591,0.342030388,36,-0.333333333,0.555555556,0.274691358,0.611111111,1.66160101,0.037079932,1.428008293,0.096718973,0.191938936,0.072727273,4.136905487,0.134360302,1.28153098,0.362238156,0.044243392
DP00912,QEDEDEEEEREKKPAEQAEETAPIEATATKEEEGSS,1,0.34094591,0.342030388,36,-0.333333333,0.555555556,0.274691358,0.611111111,2.096093721,0.006855892,1.428008293,0.014574417,0.061969049,0.003409091,5.754956935,0.02642027,1.28153098,0.895044968,0.008699909
DP00929,KKRRQRRRAHQNSQTHQASLSKQPTSQPRGDPTGPKE,-3,0.341367357,0.395519389,37,0.216216216,0.324324324,0.242942943,0.432432432,1.180093884,0.109324643,1.442929813,0.097474903,0.418328185,0.097326203,2.49514164,0.318430887,1.205049031,-0.189000427,0.103500062
DP00929,KKRRQRRRAHQNSQTHQASLSKQPTSQPRGDPTGPKE,-2,0.341367357,0.395519389,37,0.216216216,0.324324324,0.242942943,0.432432432,1.364585858,0.029843219,1.442929813,0.213239382,0.341514033,0.056327986,2.887640309,0.252435034,1.205049031,-0.061426004,0.082049332
DP00929,KKRRQRRRAHQNSQTHQASLSKQPTSQPRGDPTGPKE,-1,0.341367357,0.395519389,37,0.216216216,0.324324324,0.242942943,0.432432432,1.390544092,0.075635987,1.442929813,0.117623552,0.304471911,0.069518717,3.042735747,0.15858769,1.205049031,-0.011015105,0.051545991
DP00929,KKRRQRRRAHQNSQTHQASLSKQPTSQPRGDPTGPKE,0,0.341367357,0.395519389,37,0.216216216,0.324324324,0.242942943,0.432432432,1.591943482,0.018997,1.442929813,0.177787645,0.214547818,0.023172906,3.507265564,0.056022668,1.205049031,0.139971708,0.01820913
DP00929,KKRRQRRRAHQNSQTHQASLSKQPTSQPRGDPTGPKE,1,0.341367357,0.395519389,37,0.216216216,0.324324324,0.242942943,0.432432432,1.690466249,0.014771687,1.442929813,0.122285714,0.163678058,0.019251337,3.732765888,0.039531472,1.205049031,0.213266411,0.012848973
DP00929,KKRRQRRRAHQNSQTHQASLSKQPTSQPRGDPTGPKE,2,0.341367357,0.395519389,37,0.216216216,0.324324324,0.242942943,0.432432432,1.804083153,0.015434377,1.442929813,0.043514479,0.107946524,0.0057041,3.995650873,0.033208698,1.205049031,0.298712306,0.010793872
DP00929,KKRRQRRRAHQNSQTHQASLSKQPTSQPRGDPTGPKE,3,0.341367357,0.395519389,37,0.216216216,0.324324324,0.242942943,0.432432432,1.869499823,0.006563443,1.442929813,0.027315637,0.088480967,0.000356506,4.13145721,0.02010868,1.205049031,0.34285364,0.006535954
DP00949,ILFKDNEKSCQNKESNKDDTKEAKESKENKEVSSPDDLELELENLEINDD,1,0.022877089,0.132411251,50,-0.18,0.5,0.317333333,0.52,2.434851521,0.009087933,1.680810971,0.00444,0.070754908,0.001110083,5.898292783,0.031499365,1.140218983,0.661644197,0.008873879
DP00949,ILFKDNEKSCQNKESNKDDTKEAKESKENKEVSSPDDLELELENLEINDD,0,0.022877089,0.132411251,50,-0.18,0.5,0.317333333,0.52,2.314848457,0.026263174,1.680810971,0.006131429,0.096327948,0.011655874,5.459222208,0.114058741,1.140218983,0.537950935,0.032132187
DP00949,ILFKDNEKSCQNKESNKDDTKEAKESKENKEVSSPDDLELELENLEINDD,3,0.022877089,0.132411251,50,-0.18,0.5,0.317333333,0.52,2.553518006,0.006271559,1.680810971,0.001397143,0.055911521,0,6.32660285,0.030516173,1.140218983,0.78230605,0.008596898
DP00949,ILFKDNEKSCQNKESNKDDTKEAKESKENKEVSSPDDLELELENLEINDD,2,0.022877089,0.132411251,50,-0.18,0.5,0.317333333,0.52,2.495993951,0.009799535,1.680810971,0.001956429,0.061349224,0,6.122927053,0.033116797,1.140218983,0.724927294,0.009329536
DP00949,ILFKDNEKSCQNKESNKDDTKEAKESKENKEVSSPDDLELELENLEINDD,-3,0.022877089,0.132411251,50,-0.18,0.5,0.317333333,0.52,1.355206273,0.251592045,1.680810971,0.108328571,0.287205714,0.040888067,2.080748099,1.149872212,1.140218983,-0.413819705,0.323937546
DP00949,ILFKDNEKSCQNKESNKDDTKEAKESKENKEVSSPDDLELELENLEINDD,-2,0.022877089,0.132411251,50,-0.18,0.5,0.317333333,0.52,1.757442457,0.204781465,1.680810971,0.066007143,0.220887857,0.037927845,3.660234225,0.722335906,1.140218983,0.031147009,0.203493674
DP00949,ILFKDNEKSCQNKESNKDDTKEAKESKENKEVSSPDDLELELENLEINDD,-1,0.022877089,0.132411251,50,-0.18,0.5,0.317333333,0.52,2.032656148,0.325104296,1.680810971,0.026107143,0.14817189,0.02146161,4.279480279,1.437881415,1.140218983,0.205598609,0.405074383
DP00958,KLPVAQYSAPDGVEKSFAPI,0.5,0.171253976,0.232421406,20,0,0.2,0.491666667,0.35,0.938683231,0.009110633,1.071044075,0.058043704,0.154105475,0.112753041,1.695499746,0.02151336,1.067813407,-0.261879565,0.009365646
DP00958,KLPVAQYSAPDGVEKSFAPI,1,0.171253976,0.232421406,20,0,0.2,0.491666667,0.35,0.979082941,0.00443845,1.071044075,0.044842449,0.134224099,0.066178219,1.83482877,0.020897912,1.067813407,-0.201223938,0.009097716
DP00958,KLPVAQYSAPDGVEKSFAPI,2,0.171253976,0.232421406,20,0,0.2,0.491666667,0.35,1.008149062,0.022416927,1.071044075,0.032532463,0.129988332,0.070602085,1.958575101,0.041016942,1.067813407,-0.147352095,0.017856354
DP00958,KLPVAQYSAPDGVEKSFAPI,3,0.171253976,0.232421406,20,0,0.2,0.491666667,0.35,1.07120191,0.006957378,1.071044075,0.028671246,0.107456048,0.014705882,2.157032927,0.023286038,1.067813407,-0.060955281,0.010137366
DP00958,KLPVAQYSAPDGVEKSFAPI,-0.5,0.171253976,0.232421406,20,0,0.2,0.491666667,0.35,0.889233005,0.025758809,1.071044075,0.061460117,0.189638684,0.16470882,1.512894755,0.089980215,1.067813407,-0.341374991,0.039172071
DP00958,KLPVAQYSAPDGVEKSFAPI,-1,0.171253976,0.232421406,20,0,0.2,0.491666667,0.35,0.860431907,0.009245747,1.071044075,0.086260345,0.211195108,0.197054207,1.462081578,0.050732969,1.067813407,-0.363496047,0.022086138
DP00958,KLPVAQYSAPDGVEKSFAPI,-2,0.171253976,0.232421406,20,0,0.2,0.491666667,0.35,0.85500469,0.012011149,1.071044075,0.08093964,0.206998611,0.208815975,1.425791082,0.019210959,1.067813407,-0.379294785,0.008363317
DP00958,KLPVAQYSAPDGVEKSFAPI,-3,0.171253976,0.232421406,20,0,0.2,0.491666667,0.35,0.821732814,0.010015665,1.071044075,0.131082005,0.263352867,0.264704133,1.392655436,0.05949777,1.067813407,-0.393720088,0.025901814
DP00958,KLPVAQYSAPDGVEKSFAPI,0,0.171253976,0.232421406,20,0,0.2,0.491666667,0.35,0.915248677,0.005250262,1.071044075,0.067062112,0.170105074,0.147067131,1.628919026,0.023232494,1.067813407,-0.290864877,0.010114056
DP00974,QNSARIRQNTREHPSTANTVDRTNHQLENLEAETAPLP,0,0.104642179,0.315632288,38,-0.026315789,0.236842105,0.346491228,0.315789474,1.147300032,0.048178634,1.46469702,0.075391917,0.334626534,0.073613445,1.992346893,0.112820185,1.108830882,-0.360575758,0.036208535
DP00974,QNSARIRQNTREHPSTANTVDRTNHQLENLEAETAPLP,2,0.104642179,0.315632288,38,-0.026315789,0.236842105,0.346491228,0.315789474,1.577719605,0.006005987,1.46469702,0.015792293,0.116794304,0,3.417115396,0.025909456,1.108830882,0.096689753,0.008315387
DP00974,QNSARIRQNTREHPSTANTVDRTNHQLENLEAETAPLP,1,0.104642179,0.315632288,38,-0.026315789,0.236842105,0.346491228,0.315789474,1.441838537,0.015978676,1.46469702,0.025261278,0.161254886,0.00907563,2.95327929,0.067604509,1.108830882,-0.052173907,0.021697006
DP00974,QNSARIRQNTREHPSTANTVDRTNHQLENLEAETAPLP,-1,0.104642179,0.315632288,38,-0.026315789,0.236842105,0.346491228,0.315789474,1.060677805,0.029355994,1.46469702,0.040600564,0.356888057,0.08907563,1.637346947,0.10685189,1.108830882,-0.474509517,0.034293069
DP00974,QNSARIRQNTREHPSTANTVDRTNHQLENLEAETAPLP,-2,0.104642179,0.315632288,38,-0.026315789,0.236842105,0.346491228,0.315789474,0.989293301,0.014038187,1.46469702,0.047636278,0.43256109,0.09210084,1.472895483,0.350590485,1.108830882,-0.527288606,0.112518586
DP00974,QNSARIRQNTREHPSTANTVDRTNHQLENLEAETAPLP,-3,0.104642179,0.315632288,38,-0.026315789,0.236842105,0.346491228,0.315789474,0.96416632,0.022926706,1.46469702,0.144048872,0.53356203,0.093781513,1.391021382,0.354161431,1.108830882,-0.553565297,0.113664646
DP00974,QNSARIRQNTREHPSTANTVDRTNHQLENLEAETAPLP,3,0.104642179,0.315632288,38,-0.026315789,0.236842105,0.346491228,0.315789474,1.656945252,0.022496226,1.46469702,0.008234023,0.096052671,0.001344538,3.670313449,0.05925873,1.108830882,0.17795119,0.019018509
DP01023,MPRGFLVKRSKKSTPVSYRV,-2,0.039599731,0.283203125,20,0.3,0.3,0.432777778,0.4,0.940829384,0.061365417,1.062411055,0.213535714,0.249875921,0.157352941,1.505049752,0.226788493,1.164785826,-0.344790242,0.098730313
DP01023,MPRGFLVKRSKKSTPVSYRV,-3,0.039599731,0.283203125,20,0.3,0.3,0.432777778,0.4,0.895980809,0.008676646,1.062411055,0.291096429,0.292051296,0.2,1.266519115,0.087443474,1.164785826,-0.448632391,0.038067723
DP01023,MPRGFLVKRSKKSTPVSYRV,3,0.039599731,0.283203125,20,0.3,0.3,0.432777778,0.4,1.347985685,0.006318374,1.062411055,0.008426786,0.072144287,0.007352941,3.051345952,0.028568139,1.164785826,0.328375783,0.01243688
DP01023,MPRGFLVKRSKKSTPVSYRV,-1,0.039599731,0.283203125,20,0.3,0.3,0.432777778,0.4,1.04386708,0.019709198,1.062411055,0.145721429,0.181281307,0.075,1.844724572,0.118618167,1.164785826,-0.19691589,0.051639343
DP01023,MPRGFLVKRSKKSTPVSYRV,1,0.039599731,0.283203125,20,0.3,0.3,0.432777778,0.4,1.215526814,0.009746951,1.062411055,0.0582125,0.115824779,0.016176471,2.510640674,0.055959819,1.164785826,0.092984644,0.024361599
DP01023,MPRGFLVKRSKKSTPVSYRV,0,0.039599731,0.283203125,20,0.3,0.3,0.432777778,0.4,1.129466357,0.003581934,1.062411055,0.060628571,0.132576498,0.026470588,2.117833643,0.054626484,1.164785826,-0.078020334,0.023781144
DP01023,MPRGFLVKRSKKSTPVSYRV,2,0.039599731,0.283203125,20,0.3,0.3,0.432777778,0.4,1.275948483,0.003938766,1.062411055,0.029883929,0.09407241,0.007352941,2.745179332,0.026950222,1.164785826,0.195088922,0.011732535
DP01082,NKTDTIAPTVQSVVSLSPTTIQVVYSESINNKEALDLSNYKIINSSN,3,0.314128985,0.176740233,47,-0.021276596,0.14893617,0.474231678,0.191489362,1.178866759,0.079400845,1.632634176,0.146927181,0.310820839,0.045020908,2.494725527,0.173608075,0.983264439,-0.276233465,0.05036695
DP01082,NKTDTIAPTVQSVVSLSPTTIQVVYSESINNKEALDLSNYKIINSSN,2,0.314128985,0.176740233,47,-0.021276596,0.14893617,0.474231678,0.191489362,1.14194788,0.058986235,1.632634176,0.141695963,0.369528519,0.055513967,2.215639751,0.164888025,0.983264439,-0.357201469,0.0478371
DP01082,NKTDTIAPTVQSVVSLSPTTIQVVYSESINNKEALDLSNYKIINSSN,1,0.314128985,0.176740233,47,-0.021276596,0.14893617,0.474231678,0.191489362,1.153326507,0.029961794,1.632634176,0.091000836,0.286271793,0.054090268,2.082335898,0.155240848,0.983264439,-0.39587541,0.045038273
DP01082,NKTDTIAPTVQSVVSLSPTTIQVVYSESINNKEALDLSNYKIINSSN,0,0.314128985,0.176740233,47,-0.021276596,0.14893617,0.474231678,0.191489362,1.129982479,0.043975476,1.632634176,0.049228345,0.304315936,0.059998554,1.821758566,0.362529713,0.983264439,-0.471473767,0.10517665
DP01082,NKTDTIAPTVQSVVSLSPTTIQVVYSESINNKEALDLSNYKIINSSN,-2,0.314128985,0.176740233,47,-0.021276596,0.14893617,0.474231678,0.191489362,1.088444831,0.017584089,1.632634176,0.029686721,0.289171256,0.04958932,1.635367011,0.203451592,0.983264439,-0.525549443,0.059025112
DP01082,NKTDTIAPTVQSVVSLSPTTIQVVYSESINNKEALDLSNYKIINSSN,-3,0.314128985,0.176740233,47,-0.021276596,0.14893617,0.474231678,0.191489362,1.091893325,0.056808821,1.632634176,0.041961804,0.377481357,0.068335758,1.439108478,0.277891821,0.983264439,-0.582487715,0.080621615
DP01082,NKTDTIAPTVQSVVSLSPTTIQVVYSESINNKEALDLSNYKIINSSN,-1,0.314128985,0.176740233,47,-0.021276596,0.14893617,0.474231678,0.191489362,1.106346566,0.080214495,1.632634176,0.002615804,0.330759713,0.067044495,1.678538921,0.411440486,0.983264439,-0.513024465,0.11936658
DP01327,QTQQEEEEEDEDHGPDDYDEEDEDEVEEEETNRL,0,0.288378308,0.423363479,34,-0.588235294,0.647058824,0.199673203,0.676470588,1.281852224,0.225976992,1.380698567,0.353979609,0.311821305,0.062365591,2.278156631,0.95616278,1.644416044,-0.229181743,0.323519339
DP01327,QTQQEEEEEDEDHGPDDYDEEDEDEVEEEETNRL,-2,0.288378308,0.423363479,34,-0.588235294,0.647058824,0.199673203,0.676470588,1.469243471,0.140969725,1.380698567,0.448702996,0.437487676,0.078709509,2.621118475,0.621746071,1.644416044,-0.113140007,0.210368864
DP01327,QTQQEEEEEDEDHGPDDYDEEDEDEVEEEETNRL,-1,0.288378308,0.423363479,34,-0.588235294,0.647058824,0.199673203,0.676470588,1.474996445,0.199815813,1.380698567,0.465421006,0.415953047,0.073114444,2.901730656,0.520407256,1.644416044,-0.018194387,0.1760807
DP01327,QTQQEEEEEDEDHGPDDYDEEDEDEVEEEETNRL,1,0.288378308,0.423363479,34,-0.588235294,0.647058824,0.199673203,0.676470588,1.739212557,0.314618408,1.380698567,0.23714022,0.224700266,0.042150538,3.721764108,1.239986514,1.644416044,0.259265357,0.419551593
DP01327,QTQQEEEEEDEDHGPDDYDEEDEDEVEEEETNRL,2,0.288378308,0.423363479,34,-0.588235294,0.647058824,0.199673203,0.676470588,1.900395261,0.415324668,1.380698567,0.032865864,0.097480969,0.007741935,4.558511991,1.378484762,1.644416044,0.542380458,0.466412716
DP01327,QTQQEEEEEDEDHGPDDYDEEDEDEVEEEETNRL,3,0.288378308,0.423363479,34,-0.588235294,0.647058824,0.199673203,0.676470588,2.056174209,0.214509666,1.380698567,0.01374507,0.076512771,0.002580645,5.315191393,0.543261993,1.644416044,0.798404249,0.18381364
DP01327,QTQQEEEEEDEDHGPDDYDEEDEDEVEEEETNRL,-3,0.288378308,0.423363479,34,-0.588235294,0.647058824,0.199673203,0.676470588,1.261872115,0.164462639,1.380698567,0.206540285,0.416278938,0.096344761,1.834309051,0.710729605,1.644416044,-0.379358343,0.240476598
DP01641,GPRSPSYGRSRSRSRSRSRSRSRSNSRSRSYSPRRSRGSPRYSPRHSRSRSRT,3,0.011329879,0.088318884,53,0.358490566,0.358490566,0.244234801,0.452830189,3.293796269,0.00279849,1.727583673,0.023088391,0.104867819,0.013687543,8.778934919,0.022338375,1.697863185,1.405655797,0.006121294
DP01641,GPRSPSYGRSRSRSRSRSRSRSRSNSRSRSYSPRRSRGSPRYSPRHSRSRSRT,1,0.011329879,0.088318884,53,0.358490566,0.358490566,0.244234801,0.452830189,3.243713688,0.007561049,1.727583673,0.069351023,0.15433426,0.050330226,8.621058687,0.022102733,1.697863185,1.362393616,0.006056722
DP01641,GPRSPSYGRSRSRSRSRSRSRSRSNSRSRSYSPRRSRGSPRYSPRHSRSRSRT,2,0.011329879,0.088318884,53,0.358490566,0.358490566,0.244234801,0.452830189,3.272742615,0.008225435,1.727583673,0.031743134,0.116123307,0.019257258,8.705398418,0.034222729,1.697863185,1.385504889,0.009377915
DP01641,GPRSPSYGRSRSRSRSRSRSRSRSNSRSRSYSPRRSRGSPRYSPRHSRSRSRT,-1,0.011329879,0.088318884,53,0.358490566,0.358490566,0.244234801,0.452830189,3.180307714,0.004720522,1.727583673,0.094069701,0.190937632,0.119045937,8.407178434,0.01878867,1.697863185,1.303784881,0.005148583
DP01641,GPRSPSYGRSRSRSRSRSRSRSRSNSRSRSYSPRRSRGSPRYSPRHSRSRSRT,-2,0.011329879,0.088318884,53,0.358490566,0.358490566,0.244234801,0.452830189,3.111462997,0.011463229,1.727583673,0.114685265,0.220076014,0.188324708,8.150264765,0.033544836,1.697863185,1.233383874,0.009192155
DP01641,GPRSPSYGRSRSRSRSRSRSRSRSNSRSRSYSPRRSRGSPRYSPRHSRSRSRT,-3,0.011329879,0.088318884,53,0.358490566,0.358490566,0.244234801,0.452830189,3.018982928,0.015580487,1.727583673,0.130990599,0.261922116,0.235272483,7.725697684,0.077381679,1.697863185,1.117041485,0.021204587
DP01641,GPRSPSYGRSRSRSRSRSRSRSRSNSRSRSYSPRRSRGSPRYSPRHSRSRSRT,0,0.011329879,0.088318884,53,0.358490566,0.358490566,0.244234801,0.452830189,3.21334753,0.011864032,1.727583673,0.067009655,0.159304704,0.059616915,8.518712957,0.053968797,1.697863185,1.334348232,0.01478885
DP02138,KKEEEDDEEDEEDEEEEEEEEDEDEEEDDDD,0,-1,0.577503621,31,-0.870967742,1,0.108243728,1,2.052830523,0.2111027,1.322437287,0.177787645,0.214547818,0.023172906,5.390540255,0.913683355,2.369333725,0.905706489,0.323012577
DP02138,KKEEEDDEEDEEDEEEEEEEEDEDEEEDDDD,3,-1,0.577503621,31,-0.870967742,1,0.108243728,1,2.178796563,0.026793355,1.322437287,0.027315637,0.088480967,0.000356506,5.879828642,0.166456182,2.369333725,1.078683595,0.058846908
DP02138,KKEEEDDEEDEEDEEEEEEEEDEDEEEDDDD,2,-1,0.577503621,31,-0.870967742,1,0.108243728,1,2.182315754,0.096103186,1.322437287,0.043514479,0.107946524,0.0057041,5.822514974,0.493407729,2.369333725,1.058421613,0.174433409
DP02138,KKEEEDDEEDEEDEEEEEEEEDEDEEEDDDD,-3,-1,0.577503621,31,-0.870967742,1,0.108243728,1,1.612759746,0.348102039,1.322437287,0.097474903,0.418328185,0.097326203,3.546282282,1.595555123,2.369333725,0.253709802,0.564073285
DP02138,KKEEEDDEEDEEDEEEEEEEEDEDEEEDDDD,-2,-1,0.577503621,31,-0.870967742,1,0.108243728,1,1.782166764,0.113627652,1.322437287,0.213239382,0.341514033,0.056327986,4.389042404,0.40682188,2.369333725,0.551649036,0.143822893
DP02138,KKEEEDDEEDEEDEEEEEEEEDEDEEEDDDD,1,-1,0.577503621,31,-0.870967742,1,0.108243728,1,2.119660773,0.06850121,1.322437287,0.122285714,0.163678058,0.019251337,5.701558256,0.1662101,2.369333725,1.015660036,0.058759911
DP02138,KKEEEDDEEDEEDEEEEEEEEDEDEEEDDDD,-1,-1,0.577503621,31,-0.870967742,1,0.108243728,1,1.827287255,0.252322398,1.322437287,0.117623552,0.304471911,0.069518717,4.686916476,0.873720641,2.369333725,0.656955837,0.308884642
DP02143,MRVKGPSSRRKKKKILKLAKGYRGQRSRSYRRAKEAVMRALYYQYRDRKLRKREFRRLW,-3,0.114194735,0.240944028,59,0.372881356,0.474576271,0.327306968,0.491525424,2.356888067,0.274538529,1.825595268,0.026648571,0.271669286,0.063459759,5.295538746,0.562624406,1.686796623,0.379045438,0.146516654
DP02143,MRVKGPSSRRKKKKILKLAKGYRGQRSRSYRRAKEAVMRALYYQYRDRKLRKREFRRLW,-2,0.114194735,0.240944028,59,0.372881356,0.474576271,0.327306968,0.491525424,2.471612577,0.194823248,1.825595268,0.059006429,0.235872274,0.056984274,5.910092665,0.63519498,1.686796623,0.539085392,0.165415226
DP02143,MRVKGPSSRRKKKKILKLAKGYRGQRSRSYRRAKEAVMRALYYQYRDRKLRKREFRRLW,2,0.114194735,0.240944028,59,0.372881356,0.474576271,0.327306968,0.491525424,3.388601911,0.031369209,1.825595268,0.012545,0.086201126,0.002775208,8.802858631,0.06749861,1.686796623,1.292409256,0.017577749
DP02143,MRVKGPSSRRKKKKILKLAKGYRGQRSRSYRRAKEAVMRALYYQYRDRKLRKREFRRLW,0,0.114194735,0.240944028,59,0.372881356,0.474576271,0.327306968,0.491525424,3.033154164,0.166207487,1.825595268,0.079959286,0.193560948,0.031082331,7.560064413,0.396766849,1.686796623,0.968765189,0.103324617
DP02143,MRVKGPSSRRKKKKILKLAKGYRGQRSRSYRRAKEAVMRALYYQYRDRKLRKREFRRLW,1,0.114194735,0.240944028,59,0.372881356,0.474576271,0.327306968,0.491525424,3.307029735,0.041009976,1.825595268,0.025782857,0.108271524,0.010360777,8.454916849,0.179062176,1.686796623,1.20179949,0.046630737
DP02143,MRVKGPSSRRKKKKILKLAKGYRGQRSRSYRRAKEAVMRALYYQYRDRKLRKREFRRLW,3,0.114194735,0.240944028,59,0.372881356,0.474576271,0.327306968,0.491525424,3.516524251,0.020441859,1.825595268,0.008813571,0.068429858,0,9.170892165,0.084944918,1.686796623,1.388251245,0.022121055
DP02143,MRVKGPSSRRKKKKILKLAKGYRGQRSRSYRRAKEAVMRALYYQYRDRKLRKREFRRLW,-1,0.114194735,0.240944028,59,0.372881356,0.474576271,0.327306968,0.491525424,2.67931615,0.33123365,1.825595268,0.049238571,0.21629923,0.042738205,6.57540222,0.917162963,1.686796623,0.712342949,0.238844329
E1A,MRHIICHGGVITEEMAASLLDQLIEEVLADNLPPPSHFEP,0,0.260817048,0.247319683,40,-0.15,0.2,0.513333333,0.3,1.154356814,0.036806646,1.506320704,0.072569989,0.185341146,0.041469392,2.052032627,0.136378159,1.011908353,-0.357271849,0.042715735
E1A,MRHIICHGGVITEEMAASLLDQLIEEVLADNLPPPSHFEP,-3,0.260817048,0.247319683,40,-0.15,0.2,0.513333333,0.3,1.034102066,0.019624379,1.506320704,0.045323144,0.216777532,0.069790839,1.489490233,0.107611326,1.011908353,-0.533468771,0.033705521
E1A,MRHIICHGGVITEEMAASLLDQLIEEVLADNLPPPSHFEP,-2,0.260817048,0.247319683,40,-0.15,0.2,0.513333333,0.3,1.105958929,0.070282382,1.506320704,0.030499734,0.227215474,0.061051083,1.908276037,0.257879506,1.011908353,-0.402298622,0.080771824
E1A,MRHIICHGGVITEEMAASLLDQLIEEVLADNLPPPSHFEP,-1,0.260817048,0.247319683,40,-0.15,0.2,0.513333333,0.3,1.062665121,0.022400578,1.506320704,0.043054544,0.238851447,0.059298673,1.777831225,0.440014587,1.011908353,-0.443155941,0.13781933
E1A,MRHIICHGGVITEEMAASLLDQLIEEVLADNLPPPSHFEP,1,0.260817048,0.247319683,40,-0.15,0.2,0.513333333,0.3,1.171902849,0.056024499,1.506320704,0.069958624,0.187914211,0.051281771,2.244213124,0.19615531,1.011908353,-0.297077964,0.061438857
E1A,MRHIICHGGVITEEMAASLLDQLIEEVLADNLPPPSHFEP,2,0.260817048,0.247319683,40,-0.15,0.2,0.513333333,0.3,1.233483447,0.071527696,1.506320704,0.046809561,0.164503611,0.052909612,2.387092983,0.284187558,1.011908353,-0.252325796,0.08901191
E1A,MRHIICHGGVITEEMAASLLDQLIEEVLADNLPPPSHFEP,3,0.260817048,0.247319683,40,-0.15,0.2,0.513333333,0.3,1.300984595,0.038058875,1.506320704,0.061351691,0.143452779,0.027262599,2.634566637,0.100610712,1.011908353,-0.174813245,0.031512821
Fibs1NTD,MKPGFSPRGGGFGGRGGFGDRGGRGGRGGFGGGRGRGGGFRGRGRGGGGGGGGGGGGGRGGGGFHSGGNRGRGRGGKRGNQSGKNVMVEP,2,0.25919565,0.172886683,90,0.177777778,0.222222222,0.375061728,0.255555556,3.529033559,0.014244068,2.212765346,0.00785934,0.05416791,0.002024207,8.15415278,0.049932952,1.254517863,0.737554737,0.010640129
Fibs1NTD,MKPGFSPRGGGFGGRGGFGDRGGRGGRGGFGGGRGRGGGFRGRGRGGGGGGGGGGGGGRGGGGFHSGGNRGRGRGGKRGNQSGKNVMVEP,1,0.25919565,0.172886683,90,0.177777778,0.222222222,0.375061728,0.255555556,3.425594026,0.011701149,2.212765346,0.009917903,0.061640103,0.003286006,7.911253745,0.03559596,1.254517863,0.685795789,0.007585083
Fibs1NTD,MKPGFSPRGGGFGGRGGFGDRGGRGGRGGFGGGRGRGGGFRGRGRGGGGGGGGGGGGGRGGGGFHSGGNRGRGRGGKRGNQSGKNVMVEP,-2,0.25919565,0.172886683,90,0.177777778,0.222222222,0.375061728,0.255555556,2.710590921,0.067235438,2.212765346,0.011475595,0.153563588,0.033428782,5.835730763,0.224447402,1.254517863,0.243526079,0.04782712
Fibs1NTD,MKPGFSPRGGGFGGRGGFGDRGGRGGRGGFGGGRGRGGGFRGRGRGGGGGGGGGGGGGRGGGGFHSGGNRGRGRGGKRGNQSGKNVMVEP,-1,0.25919565,0.172886683,90,0.177777778,0.222222222,0.375061728,0.255555556,3.004281006,0.059274034,2.212765346,0.013339623,0.101503737,0.015445799,6.719127178,0.104131687,1.254517863,0.431767539,0.022189247
Fibs1NTD,MKPGFSPRGGGFGGRGGFGDRGGRGGRGGFGGGRGRGGGFRGRGRGGGGGGGGGGGGGRGGGGFHSGGNRGRGRGGKRGNQSGKNVMVEP,-0.5,0.25919565,0.172886683,90,0.177777778,0.222222222,0.375061728,0.255555556,3.158445624,0.042521247,2.212765346,0.01322944,0.099011364,0.01341981,7.187360431,0.209468001,1.254517863,0.531542577,0.044635185
Fibs1NTD,MKPGFSPRGGGFGGRGGFGDRGGRGGRGGFGGGRGRGGGFRGRGRGGGGGGGGGGGGGRGGGGFHSGGNRGRGRGGKRGNQSGKNVMVEP,-3,0.25919565,0.172886683,90,0.177777778,0.222222222,0.375061728,0.255555556,2.486005272,0.15831099,2.212765346,0.025445224,0.165069582,0.040050785,5.123091968,0.400641999,1.254517863,0.091671073,0.085372131
Fibs1NTD,MKPGFSPRGGGFGGRGGFGDRGGRGGRGGFGGGRGRGGGFRGRGRGGGGGGGGGGGGGRGGGGFHSGGNRGRGRGGKRGNQSGKNVMVEP,0.5,0.25919565,0.172886683,90,0.177777778,0.222222222,0.375061728,0.255555556,3.353309887,0.026091188,2.212765346,0.009980916,0.069557349,0.006037449,7.677251335,0.105062581,1.254517863,0.635932608,0.022387609
Fibs1NTD,MKPGFSPRGGGFGGRGGFGDRGGRGGRGGFGGGRGRGGGFRGRGRGGGGGGGGGGGGGRGGGGFHSGGNRGRGRGGKRGNQSGKNVMVEP,3,0.25919565,0.172886683,90,0.177777778,0.222222222,0.375061728,0.255555556,3.599393147,0.012101792,2.212765346,0.005790432,0.047733878,0.001132608,8.334261292,0.040730844,1.254517863,0.775933758,0.008679267
Fibs1NTD,MKPGFSPRGGGFGGRGGFGDRGGRGGRGGFGGGRGRGGGFRGRGRGGGGGGGGGGGGGRGGGGFHSGGNRGRGRGGKRGNQSGKNVMVEP,0,0.25919565,0.172886683,90,0.177777778,0.222222222,0.375061728,0.255555556,3.227551483,0.074356044,2.212765346,0.013053209,0.08449068,0.009514861,7.346060018,0.214170329,1.254517863,0.565359606,0.045637196
NproteinNTD,MSDNGPQNQRNAPRITFGGPSDSTGSNQNGERSGARSKQRRPQGLPNNT,-0.5,0.134635884,0.364129431,49,0.081632653,0.204081633,0.308390023,0.306122449,1.421089427,0.168873021,1.657459482,0.138830904,0.344362183,0.057004831,2.769842088,0.564983033,1.113991051,-0.21216685,0.160699545
NproteinNTD,MSDNGPQNQRNAPRITFGGPSDSTGSNQNGERSGARSKQRRPQGLPNNT,0,0.134635884,0.364129431,49,0.081632653,0.204081633,0.308390023,0.306122449,1.352674748,0.155861596,1.657459482,0.10569898,0.367809051,0.060483092,2.451866117,0.698594762,1.113991051,-0.302609555,0.198703065
NproteinNTD,MSDNGPQNQRNAPRITFGGPSDSTGSNQNGERSGARSKQRRPQGLPNNT,0.5,0.134635884,0.364129431,49,0.081632653,0.204081633,0.308390023,0.306122449,1.694597122,0.047310547,1.657459482,0.09706414,0.225540502,0.027246377,3.685933495,0.160399767,1.113991051,0.048399333,0.045622909
NproteinNTD,MSDNGPQNQRNAPRITFGGPSDSTGSNQNGERSGARSKQRRPQGLPNNT,1,0.134635884,0.364129431,49,0.081632653,0.204081633,0.308390023,0.306122449,1.812306358,0.044886359,1.657459482,0.075922012,0.183373168,0.018164251,3.972043119,0.173749141,1.113991051,0.129778213,0.049419905
NproteinNTD,MSDNGPQNQRNAPRITFGGPSDSTGSNQNGERSGARSKQRRPQGLPNNT,2,0.134635884,0.364129431,49,0.081632653,0.204081633,0.308390023,0.306122449,1.968556252,0.010709508,1.657459482,0.044254373,0.128598553,0.004251208,4.495977012,0.02471517,1.113991051,0.278802047,0.007029798
NproteinNTD,MSDNGPQNQRNAPRITFGGPSDSTGSNQNGERSGARSKQRRPQGLPNNT,3,0.134635884,0.364129431,49,0.081632653,0.204081633,0.308390023,0.306122449,2.028733666,0.009480949,1.657459482,0.029034985,0.11000883,0.002512077,4.688585369,0.019601636,1.113991051,0.333586127,0.005575343
NproteinNTD,MSDNGPQNQRNAPRITFGGPSDSTGSNQNGERSGARSKQRRPQGLPNNT,-2,0.134635884,0.364129431,49,0.081632653,0.204081633,0.308390023,0.306122449,1.158878438,0.080828294,1.657459482,0.092892128,0.417834548,0.079227053,1.279531634,0.337264022,1.113991051,-0.6360596,0.095928854
NproteinNTD,MSDNGPQNQRNAPRITFGGPSDSTGSNQNGERSGARSKQRRPQGLPNNT,-3,0.134635884,0.364129431,49,0.081632653,0.204081633,0.308390023,0.306122449,1.078297547,0.054550507,1.657459482,0.061033528,0.507547376,0.07884058,1.271229396,0.319378926,1.113991051,-0.638421026,0.090841751
NproteinNTD,MSDNGPQNQRNAPRITFGGPSDSTGSNQNGERSGARSKQRRPQGLPNNT,-1,0.134635884,0.364129431,49,0.081632653,0.204081633,0.308390023,0.306122449,1.214165667,0.116765989,1.657459482,0.123488338,0.412912536,0.072850242,2.155413153,0.228294857,1.113991051,-0.386930417,0.06493448
P03520,DNLTKVREYLKSYSRLDQAVGEIDEIEAQRAEKSNYELFQEDGVEEHTKPSYFQAADDS,1,0.057315024,0.2101005,59,-0.13559322,0.372881356,0.37306968,0.389830508,2.141782524,0.064892629,1.827231207,0.119894743,0.150585809,0.007899244,5.131484861,0.308223414,1.058712422,0.336323106,0.080266449
P03520,DNLTKVREYLKSYSRLDQAVGEIDEIEAQRAEKSNYELFQEDGVEEHTKPSYFQAADDS,-3,0.057315024,0.2101005,59,-0.13559322,0.372881356,0.37306968,0.389830508,1.304974469,0.088589529,1.827231207,0.043691818,0.274578681,0.039454158,2.047655929,0.25039492,1.058712422,-0.466756698,0.065206958
P03520,DNLTKVREYLKSYSRLDQAVGEIDEIEAQRAEKSNYELFQEDGVEEHTKPSYFQAADDS,-2,0.057315024,0.2101005,59,-0.13559322,0.372881356,0.37306968,0.389830508,1.416241219,0.202035693,1.827231207,0.078735709,0.252344585,0.031309729,2.971566981,0.371247049,1.058712422,-0.226155055,0.096678841
P03520,DNLTKVREYLKSYSRLDQAVGEIDEIEAQRAEKSNYELFQEDGVEEHTKPSYFQAADDS,-1,0.057315024,0.2101005,59,-0.13559322,0.372881356,0.37306968,0.389830508,1.646937281,0.216414877,1.827231207,0.10612804,0.226964448,0.025486026,3.30302279,1.105718711,1.058712422,-0.139838508,0.287947349
P03520,DNLTKVREYLKSYSRLDQAVGEIDEIEAQRAEKSNYELFQEDGVEEHTKPSYFQAADDS,0,0.057315024,0.2101005,59,-0.13559322,0.372881356,0.37306968,0.389830508,1.937705558,0.127068044,1.827231207,0.108110573,0.168612547,0.01747359,4.502234332,0.437014083,1.058712422,0.172455913,0.113805659
P03520,DNLTKVREYLKSYSRLDQAVGEIDEIEAQRAEKSNYELFQEDGVEEHTKPSYFQAADDS,3,0.057315024,0.2101005,59,-0.13559322,0.372881356,0.37306968,0.389830508,2.414520602,0.013058194,1.827231207,0.017967086,0.066703532,0.001113822,6.106204557,0.058697395,1.058712422,0.590156156,0.015285768
P03520,DNLTKVREYLKSYSRLDQAVGEIDEIEAQRAEKSNYELFQEDGVEEHTKPSYFQAADDS,2,0.057315024,0.2101005,59,-0.13559322,0.372881356,0.37306968,0.389830508,2.35601479,0.010378676,1.827231207,0.017769379,0.072258438,0.001551041,5.956053405,0.044620168,1.058712422,0.551054325,0.011619826
P15516,DSHAKRHHGYKRKFHEKHHSHRGY,-3,0.032558476,0.2487941,24,0.208333333,0.375,0.227314815,0.375,0.980543941,0.061549174,1.15698,0.572458408,0.483003423,0.142865631,1.94770465,0.523955035,1.225994191,-0.222425073,0.209176631
P15516,DSHAKRHHGYKRKFHEKHHSHRGY,3,0.032558476,0.2487941,24,0.208333333,0.375,0.227314815,0.375,1.456645589,0.006835187,1.15698,0.041665181,0.095367877,0.008571429,3.473196823,0.0401265,1.225994191,0.386591527,0.016019554
P15516,DSHAKRHHGYKRKFHEKHHSHRGY,1,0.032558476,0.2487941,24,0.208333333,0.375,0.227314815,0.375,1.243888424,0.02025006,1.15698,0.313606109,0.256843162,0.066666667,2.915237946,0.034715967,1.225994191,0.163839667,0.013859527
P15516,DSHAKRHHGYKRKFHEKHHSHRGY,0,0.032558476,0.2487941,24,0.208333333,0.375,0.227314815,0.375,1.136034437,0.028168014,1.15698,0.432771736,0.338733597,0.08952381,2.58750475,0.152660678,1.225994191,0.032999955,0.060946158
P15516,DSHAKRHHGYKRKFHEKHHSHRGY,-1,0.032558476,0.2487941,24,0.208333333,0.375,0.227314815,0.375,1.043658671,0.037392279,1.15698,0.556905568,0.438070308,0.115238095,2.365487836,0.127936451,1.225994191,-0.055635037,0.051075596
P15516,DSHAKRHHGYKRKFHEKHHSHRGY,-2,0.032558476,0.2487941,24,0.208333333,0.375,0.227314815,0.375,1.015085024,0.022965979,1.15698,0.615856956,0.472316812,0.112380952,2.151196215,0.223394462,1.225994191,-0.141185888,0.089184945
P15516,DSHAKRHHGYKRKFHEKHHSHRGY,2,0.032558476,0.2487941,24,0.208333333,0.375,0.227314815,0.375,1.365202993,0.01440476,1.15698,0.140651928,0.159277424,0.020952381,3.215476095,0.025130573,1.225994191,0.283702633,0.010032786
Q02199,GCQTSRGLFGNNNTNNINNSSSGMNNASAGLFGSKPCA,-3,0.78723581,0.418105329,38,0.052631579,0.052631579,0.430994152,0.078947368,0.929461291,0.01419767,1.45788495,0.081258732,0.461812395,0.13604399,1.607633205,0.272540809,1.090047978,-0.484045852,0.087469306
Q02199,GCQTSRGLFGNNNTNNINNSSSGMNNASAGLFGSKPCA,-1,0.78723581,0.418105329,38,0.052631579,0.052631579,0.430994152,0.078947368,0.958698604,0.017267525,1.45788495,0.173360583,0.426518582,0.11296869,1.660697295,0.155637987,1.090047978,-0.467015452,0.049950489
Q02199,GCQTSRGLFGNNNTNNINNSSSGMNNASAGLFGSKPCA,0,0.78723581,0.418105329,38,0.052631579,0.052631579,0.430994152,0.078947368,0.945750131,0.013035148,1.45788495,0.158365051,0.466842383,0.135509498,1.737197915,0.130271442,1.090047978,-0.442463326,0.041809345
Q02199,GCQTSRGLFGNNNTNNINNSSSGMNNASAGLFGSKPCA,1,0.78723581,0.418105329,38,0.052631579,0.052631579,0.430994152,0.078947368,0.966866639,0.02527199,1.45788495,0.092254549,0.432862013,0.122431589,1.850008502,0.174890927,1.090047978,-0.406257872,0.056129532
Q02199,GCQTSRGLFGNNNTNNINNSSSGMNNASAGLFGSKPCA,2,0.78723581,0.418105329,38,0.052631579,0.052631579,0.430994152,0.078947368,1.03017636,0.014672041,1.45788495,0.134779179,0.377517284,0.10279679,2.056299817,0.048976668,1.090047978,-0.340050693,0.015718582
Q02199,GCQTSRGLFGNNNTNNINNSSSGMNNASAGLFGSKPCA,3,0.78723581,0.418105329,38,0.052631579,0.052631579,0.430994152,0.078947368,1.030177177,0.031712243,1.45788495,0.094970033,0.374033558,0.100629555,2.099872675,0.083230429,1.090047978,-0.32606641,0.026711992
Q02199,GCQTSRGLFGNNNTNNINNSSSGMNNASAGLFGSKPCA,-2,0.78723581,0.418105329,38,0.052631579,0.052631579,0.430994152,0.078947368,0.937439464,0.009110668,1.45788495,0.077198158,0.430143352,0.130422019,1.760625441,0.365966672,1.090047978,-0.434944491,0.117453423
Q03281,ACETNKRKREQISTDNEAKMQIQEEKSPKKKRKKRSSKANKPPECA,3,0.162269353,0.392376338,46,0.173913043,0.47826087,0.276086957,0.543478261,2.216486251,0.005191411,1.616245688,0.007420832,0.056969035,0,5.703167299,0.02407021,1.151206609,0.671584227,0.007054919
Q03281,ACETNKRKREQISTDNEAKMQIQEEKSPKKKRKKRSSKANKPPECA,-3,0.162269353,0.392376338,46,0.173913043,0.47826087,0.276086957,0.543478261,1.586905754,0.046365016,1.616245688,0.299178675,0.403682355,0.06161217,3.625401466,0.283389135,1.151206609,0.062596201,0.083060654
Q03281,ACETNKRKREQISTDNEAKMQIQEEKSPKKKRKKRSSKANKPPECA,-2,0.162269353,0.392376338,46,0.173913043,0.47826087,0.276086957,0.543478261,1.76189433,0.045799821,1.616245688,0.195637475,0.304150064,0.042648966,4.117408255,0.261549376,1.151206609,0.206802174,0.076659475
Q03281,ACETNKRKREQISTDNEAKMQIQEEKSPKKKRKKRSSKANKPPECA,-1,0.162269353,0.392376338,46,0.173913043,0.47826087,0.276086957,0.543478261,1.886850891,0.026263563,1.616245688,0.16111331,0.216613773,0.030279873,4.611364888,0.119794803,1.151206609,0.351579641,0.03511156
Q03281,ACETNKRKREQISTDNEAKMQIQEEKSPKKKRKKRSSKANKPPECA,0,0.162269353,0.392376338,46,0.173913043,0.47826087,0.276086957,0.543478261,2.041225566,0.005136941,1.616245688,0.071472957,0.122751229,0.009790911,5.135400039,0.049842713,1.151206609,0.505173047,0.014608776
Q03281,ACETNKRKREQISTDNEAKMQIQEEKSPKKKRKKRSSKANKPPECA,1,0.162269353,0.392376338,46,0.173913043,0.47826087,0.276086957,0.543478261,2.14002063,0.005584085,1.616245688,0.03717848,0.082972842,0.002446906,5.470729845,0.02657088,1.151206609,0.603457384,0.007787859
Q03281,ACETNKRKREQISTDNEAKMQIQEEKSPKKKRKKRSSKANKPPECA,2,0.162269353,0.392376338,46,0.173913043,0.47826087,0.276086957,0.543478261,2.187037302,0.009336743,1.616245688,0.015162648,0.065387111,0.000897091,5.620393294,0.054403169,1.151206609,0.64732337,0.015945434
Q16236_tail,EDGKPYSPSEYSLQQTRDGNVFLVPKSKKPDVKKN,3,0.178635326,0.135457394,35,0.057142857,0.342857143,0.340952381,0.457142857,1.556954559,0.013097404,1.405671825,0.007567324,0.090385892,0.011558029,3.555271525,0.035615869,1.049030997,0.18648286,0.011885904
Q16236_tail,EDGKPYSPSEYSLQQTRDGNVFLVPKSKKPDVKKN,2,0.178635326,0.135457394,35,0.057142857,0.342857143,0.340952381,0.457142857,1.506083909,0.012855468,1.405671825,0.010564929,0.100863099,0.020967239,3.453951537,0.040695919,1.049030997,0.152669851,0.013581244
Q16236_tail,EDGKPYSPSEYSLQQTRDGNVFLVPKSKKPDVKKN,1,0.178635326,0.135457394,35,0.057142857,0.342857143,0.340952381,0.457142857,1.410724046,0.038545659,1.405671825,0.032945281,0.161839927,0.041179565,3.298734459,0.046236282,1.049030997,0.100870037,0.015430202
Q16236_tail,EDGKPYSPSEYSLQQTRDGNVFLVPKSKKPDVKKN,0,0.178635326,0.135457394,35,0.057142857,0.342857143,0.340952381,0.457142857,1.380015615,0.0196529,1.405671825,0.068625391,0.16814915,0.043851112,3.23706103,0.069684538,1.049030997,0.080288074,0.02325547
Q16236_tail,EDGKPYSPSEYSLQQTRDGNVFLVPKSKKPDVKKN,-1,0.178635326,0.135457394,35,0.057142857,0.342857143,0.340952381,0.457142857,1.28784882,0.019481472,1.405671825,0.0630132,0.222494501,0.059106359,2.974077803,0.125094694,1.049030997,-0.007475993,0.041747222
Q16236_tail,EDGKPYSPSEYSLQQTRDGNVFLVPKSKKPDVKKN,-2,0.178635326,0.135457394,35,0.057142857,0.342857143,0.340952381,0.457142857,1.150873743,0.060777945,1.405671825,0.059088656,0.291890813,0.073963938,2.631320141,0.223139526,1.049030997,-0.121862781,0.07446723
Q16236_tail,EDGKPYSPSEYSLQQTRDGNVFLVPKSKKPDVKKN,-3,0.178635326,0.135457394,35,0.057142857,0.342857143,0.340952381,0.457142857,1.165888841,0.037848852,1.405671825,0.065507783,0.25123003,0.079310308,2.646601111,0.10783188,1.049030997,-0.11676314,0.03598619
Q8B9Q8,MSFPEGKDILFMGNEAAKLAEAFQKSLRKPSHKRSQSIIGEKVNTVSETLELPTISRPTKP,-3,0.102621147,0.224086192,61,0.049180328,0.278688525,0.435701275,0.360655738,1.236238364,0.028140866,1.85763238,0.03797918,0.303306151,0.045253545,1.826011047,0.35114127,0.956565241,-0.531947041,0.090006416
Q8B9Q8,MSFPEGKDILFMGNEAAKLAEAFQKSLRKPSHKRSQSIIGEKVNTVSETLELPTISRPTKP,-2,0.102621147,0.224086192,61,0.049180328,0.278688525,0.435701275,0.360655738,1.336010824,0.076843967,1.85763238,0.070866935,0.24727274,0.043204879,2.472682035,0.580028716,0.956565241,-0.36618886,0.148676076
Q8B9Q8,MSFPEGKDILFMGNEAAKLAEAFQKSLRKPSHKRSQSIIGEKVNTVSETLELPTISRPTKP,-1,0.102621147,0.224086192,61,0.049180328,0.278688525,0.435701275,0.360655738,1.429937523,0.152411574,1.85763238,0.056221029,0.2252413,0.037139503,2.998547549,0.575688932,0.956565241,-0.231396187,0.147563679
Q8B9Q8,MSFPEGKDILFMGNEAAKLAEAFQKSLRKPSHKRSQSIIGEKVNTVSETLELPTISRPTKP,0,0.102621147,0.224086192,61,0.049180328,0.278688525,0.435701275,0.360655738,1.35356659,0.144623155,1.85763238,0.109619659,0.253654272,0.037063005,2.647193694,0.375035938,0.956565241,-0.321457094,0.096131226
Q8B9Q8,MSFPEGKDILFMGNEAAKLAEAFQKSLRKPSHKRSQSIIGEKVNTVSETLELPTISRPTKP,1,0.102621147,0.224086192,61,0.049180328,0.278688525,0.435701275,0.360655738,1.563173707,0.161136546,1.85763238,0.142100734,0.209946143,0.031185725,3.469349487,0.434903697,0.956565241,-0.110717705,0.111476852
Q8B9Q8,MSFPEGKDILFMGNEAAKLAEAFQKSLRKPSHKRSQSIIGEKVNTVSETLELPTISRPTKP,2,0.102621147,0.224086192,61,0.049180328,0.278688525,0.435701275,0.360655738,1.876634623,0.131107694,1.85763238,0.126495725,0.153401366,0.016019714,4.342231366,0.302549709,0.956565241,0.113024066,0.077551166
Q8B9Q8,MSFPEGKDILFMGNEAAKLAEAFQKSLRKPSHKRSQSIIGEKVNTVSETLELPTISRPTKP,3,0.102621147,0.224086192,61,0.049180328,0.278688525,0.435701275,0.360655738,2.075723876,0.042231753,1.85763238,0.10352698,0.119758252,0.012283577,4.803190351,0.124045878,0.956565241,0.231179549,0.031796106
fl,KVSSKRIPYAPSGEIPKFSLQDPPNKKPKV,3,0.041912073,0.252514829,30,0.166666667,0.3,0.386666667,0.5,1.659815883,0.007217217,1.308472445,0.005109524,0.061917211,0,4.154916123,0.022661123,1.064296389,0.491935527,0.008137092
fl,KVSSKRIPYAPSGEIPKFSLQDPPNKKPKV,-3,0.041912073,0.252514829,30,0.166666667,0.3,0.386666667,0.5,1.135225886,0.051216669,1.308472445,0.061752381,0.229158434,0.089458689,2.259663548,0.169088909,1.064296389,-0.188606406,0.060715967
fl,KVSSKRIPYAPSGEIPKFSLQDPPNKKPKV,-2,0.041912073,0.252514829,30,0.166666667,0.3,0.386666667,0.5,1.244303784,0.080999009,1.308472445,0.041477381,0.189247633,0.059259259,2.744588068,0.361928453,1.064296389,-0.014481081,0.129960245
fl,KVSSKRIPYAPSGEIPKFSLQDPPNKKPKV,-1,0.041912073,0.252514829,30,0.166666667,0.3,0.386666667,0.5,1.367342562,0.014153115,1.308472445,0.03515119,0.118006485,0.017663818,3.19008081,0.091228038,1.064296389,0.145485193,0.032757906
fl,KVSSKRIPYAPSGEIPKFSLQDPPNKKPKV,-0.5,0.041912073,0.252514829,30,0.166666667,0.3,0.386666667,0.5,1.40477037,0.013202279,1.308472445,0.026261905,0.112148608,0.020512821,3.338709447,0.048626832,1.064296389,0.198854343,0.017460785
fl,KVSSKRIPYAPSGEIPKFSLQDPPNKKPKV,2,0.041912073,0.252514829,30,0.166666667,0.3,0.386666667,0.5,1.603092841,0.00820408,1.308472445,0.010039286,0.073845632,0.001709402,3.961332389,0.035625006,1.064296389,0.422424028,0.012792126
fl,KVSSKRIPYAPSGEIPKFSLQDPPNKKPKV,0.5,0.041912073,0.252514829,30,0.166666667,0.3,0.386666667,0.5,1.510291835,0.018277629,1.308472445,0.017210714,0.088110213,0.007977208,3.661520168,0.047095749,1.064296389,0.314768303,0.016911008
fl,KVSSKRIPYAPSGEIPKFSLQDPPNKKPKV,0,0.041912073,0.252514829,30,0.166666667,0.3,0.386666667,0.5,1.450580881,0.020377373,1.308472445,0.022963095,0.101760512,0.011396011,3.464233275,0.043081559,1.064296389,0.243927084,0.015469604
fl,KVSSKRIPYAPSGEIPKFSLQDPPNKKPKV,1,0.041912073,0.252514829,30,0.166666667,0.3,0.386666667,0.5,1.542117458,0.014611747,1.308472445,0.014759524,0.082096551,0.002279202,3.785284775,0.04536062,1.064296389,0.359209348,0.016287963
p53,MEEPQSDPSVEPPLSQETFSDLWKLLPENNVLSPLPSQAMDDLMLSPDDIEQWFTEDPGPD,3,0.051170746,0.147702281,61,-0.229508197,0.262295082,0.415846995,0.426229508,2.374032506,0.109391031,1.861698006,0.008234023,0.096052671,0.001344538,6.394827914,0.663526516,1.085138628,0.639156638,0.17007868
p53,MEEPQSDPSVEPPLSQETFSDLWKLLPENNVLSPLPSQAMDDLMLSPDDIEQWFTEDPGPD,2,0.051170746,0.147702281,61,-0.229508197,0.262295082,0.415846995,0.426229508,2.188909643,0.135444925,1.861698006,0.015792293,0.116794304,0,6.088241614,0.706025995,1.085138628,0.560570791,0.180972375
p53,MEEPQSDPSVEPPLSQETFSDLWKLLPENNVLSPLPSQAMDDLMLSPDDIEQWFTEDPGPD,0,0.051170746,0.147702281,61,-0.229508197,0.262295082,0.415846995,0.426229508,1.754139171,0.146003042,1.861698006,0.075391917,0.334626534,0.073613445,4.732805059,1.022530272,1.085138628,0.213138013,0.262100451
p53,MEEPQSDPSVEPPLSQETFSDLWKLLPENNVLSPLPSQAMDDLMLSPDDIEQWFTEDPGPD,-1,0.051170746,0.147702281,61,-0.229508197,0.262295082,0.415846995,0.426229508,1.588522426,0.15065138,1.861698006,0.040600564,0.356888057,0.08907563,4.491688949,0.399159373,1.085138628,0.151333837,0.102314674
p53,MEEPQSDPSVEPPLSQETFSDLWKLLPENNVLSPLPSQAMDDLMLSPDDIEQWFTEDPGPD,-2,0.051170746,0.147702281,61,-0.229508197,0.262295082,0.415846995,0.426229508,1.41972333,0.105314145,1.861698006,0.047636278,0.43256109,0.09210084,3.559394709,0.793352943,1.085138628,-0.08763683,0.203356488
p53,MEEPQSDPSVEPPLSQETFSDLWKLLPENNVLSPLPSQAMDDLMLSPDDIEQWFTEDPGPD,-3,0.051170746,0.147702281,61,-0.229508197,0.262295082,0.415846995,0.426229508,1.457337646,0.225203153,1.861698006,0.144048872,0.53356203,0.093781513,3.404886418,0.669326688,1.085138628,-0.127241225,0.171565412
p53,MEEPQSDPSVEPPLSQETFSDLWKLLPENNVLSPLPSQAMDDLMLSPDDIEQWFTEDPGPD,1,0.051170746,0.147702281,61,-0.229508197,0.262295082,0.415846995,0.426229508,1.776378888,0.100100042,1.861698006,0.025261278,0.161254886,0.00907563,4.894584831,0.49461487,1.085138628,0.254606273,0.12678234
pro,KVSSKRISYASSGEISKFSLQDSSNKKSKV,-2,0.166705299,0.252514829,30,0.166666667,0.3,0.404444444,0.3,0.954663222,0.04265351,1.303892978,0.29682619,0.447473639,0.147008547,1.508803646,0.333076166,1.129773479,-0.458223055,0.119600047
pro,KVSSKRISYASSGEISKFSLQDSSNKKSKV,-3,0.166705299,0.252514829,30,0.166666667,0.3,0.404444444,0.3,0.914189192,0.033327897,1.303892978,0.120789286,0.405811556,0.172649573,1.382522958,0.315311586,1.129773479,-0.503567567,0.113221192
pro,KVSSKRISYASSGEISKFSLQDSSNKKSKV,-0.5,0.166705299,0.252514829,30,0.166666667,0.3,0.404444444,0.3,1.10122898,0.040494027,1.303892978,0.272580952,0.342476038,0.116239316,2.17509243,0.17628763,1.129773479,-0.218973963,0.063300863
pro,KVSSKRISYASSGEISKFSLQDSSNKKSKV,0,0.166705299,0.252514829,30,0.166666667,0.3,0.404444444,0.3,1.169443582,0.062772481,1.303892978,0.303378571,0.303157587,0.085470085,2.457004994,0.194369947,1.129773479,-0.117745598,0.069793811
pro,KVSSKRISYASSGEISKFSLQDSSNKKSKV,0.5,0.166705299,0.252514829,30,0.166666667,0.3,0.404444444,0.3,1.30374485,0.02830945,1.303892978,0.218316667,0.230958709,0.048433048,2.937273783,0.075342754,1.129773479,0.05470796,0.027053863
pro,KVSSKRISYASSGEISKFSLQDSSNKKSKV,1,0.166705299,0.252514829,30,0.166666667,0.3,0.404444444,0.3,1.386790157,0.027295666,1.303892978,0.147678571,0.182642148,0.034188034,3.20860186,0.093534886,1.129773479,0.152135679,0.033586242
pro,KVSSKRISYASSGEISKFSLQDSSNKKSKV,3,0.166705299,0.252514829,30,0.166666667,0.3,0.404444444,0.3,1.631506396,0.005223454,1.303892978,0.035379762,0.088718219,0,4.001271476,0.009310324,1.129773479,0.436765242,0.003343125
pro,KVSSKRISYASSGEISKFSLQDSSNKKSKV,-1,0.166705299,0.252514829,30,0.166666667,0.3,0.404444444,0.3,1.044978031,0.047396094,1.303892978,0.331638095,0.364733446,0.119088319,1.973861855,0.143366597,1.129773479,-0.291231269,0.051479672
pro,KVSSKRISYASSGEISKFSLQDSSNKKSKV,2,0.166705299,0.252514829,30,0.166666667,0.3,0.404444444,0.3,1.528419082,0.012669859,1.303892978,0.084114286,0.127206875,0.011965812,3.665665394,0.047721205,1.129773479,0.31625676,0.017135595
puma_wildfull,VEEEEWAREIGAQLRRIADDLNAQYERRRQEEQH,-0.5,0.091953467,0.182008363,34,-0.117647059,0.470588235,0.312745098,0.470588235,1.190061937,0.017941872,1.386305989,0.429852312,0.376658607,0.065376344,2.188961775,0.116841635,1.183130082,-0.259360978,0.03953357
puma_wildfull,VEEEEWAREIGAQLRRIADDLNAQYERRRQEEQH,0,0.091953467,0.182008363,34,-0.117647059,0.470588235,0.312745098,0.470588235,1.27961802,0.038229328,1.386305989,0.353979609,0.311821305,0.062365591,2.603412917,0.194899162,1.183130082,-0.119130713,0.06594447
puma_wildfull,VEEEEWAREIGAQLRRIADDLNAQYERRRQEEQH,0.5,0.091953467,0.182008363,34,-0.117647059,0.470588235,0.312745098,0.470588235,1.329311138,0.036708705,1.386305989,0.350816061,0.292836692,0.047741935,2.832274807,0.153345216,1.183130082,-0.041694895,0.05188462
puma_wildfull,VEEEEWAREIGAQLRRIADDLNAQYERRRQEEQH,1,0.091953467,0.182008363,34,-0.117647059,0.470588235,0.312745098,0.470588235,1.444731422,0.072954933,1.386305989,0.23714022,0.224700266,0.042150538,3.271922173,0.330046853,1.183130082,0.107060556,0.111671927
puma_wildfull,VEEEEWAREIGAQLRRIADDLNAQYERRRQEEQH,2,0.091953467,0.182008363,34,-0.117647059,0.470588235,0.312745098,0.470588235,1.680924022,0.015744462,1.386305989,0.032865864,0.097480969,0.007741935,4.172375193,0.044846112,1.183130082,0.411730401,0.01517376
puma_wildfull,VEEEEWAREIGAQLRRIADDLNAQYERRRQEEQH,-2,0.091953467,0.182008363,34,-0.117647059,0.470588235,0.312745098,0.470588235,1.079136867,0.028023926,1.386305989,0.448702996,0.437487676,0.078709509,1.669304921,0.150562334,1.183130082,-0.435187778,0.050943027
puma_wildfull,VEEEEWAREIGAQLRRIADDLNAQYERRRQEEQH,3,0.091953467,0.182008363,34,-0.117647059,0.470588235,0.312745098,0.470588235,1.773905123,0.008466756,1.386305989,0.01374507,0.076512771,0.002580645,4.453297136,0.024937441,1.183130082,0.506780829,0.008437627
puma_wildfull,VEEEEWAREIGAQLRRIADDLNAQYERRRQEEQH,-3,0.091953467,0.182008363,34,-0.117647059,0.470588235,0.312745098,0.470588235,1.02530561,0.036915511,1.386305989,0.206540285,0.416278938,0.096344761,1.44313196,0.154979195,1.183130082,-0.511713792,0.05243748
puma_wildfull,VEEEEWAREIGAQLRRIADDLNAQYERRRQEEQH,-1,0.091953467,0.182008363,34,-0.117647059,0.470588235,0.312745098,0.470588235,1.117265289,0.050504513,1.386305989,0.465421006,0.415953047,0.073114444,1.869493118,0.150743317,1.183130082,-0.367453753,0.051004263
r1,KPSKSPKSISPKPALDPGFPYVNREQKVKI,1,0.01451592,0.110676674,30,0.166666667,0.3,0.386666667,0.5,1.574763352,0.006388323,1.308472445,0.021464286,0.087057837,0.004558405,3.667096963,0.029081046,1.067489098,0.316770803,0.01044234
r1,KPSKSPKSISPKPALDPGFPYVNREQKVKI,2,0.01451592,0.110676674,30,0.166666667,0.3,0.386666667,0.5,1.621999444,0.009632911,1.308472445,0.009280952,0.075155601,0.000569801,3.82123993,0.024466103,1.067489098,0.372120024,0.008785219
r1,KPSKSPKSISPKPALDPGFPYVNREQKVKI,3,0.01451592,0.110676674,30,0.166666667,0.3,0.386666667,0.5,1.670382047,0.006871939,1.308472445,0.007614286,0.068800501,0,4.002845582,0.017972921,1.067489098,0.437330468,0.006453666
r1,KPSKSPKSISPKPALDPGFPYVNREQKVKI,0,0.01451592,0.110676674,30,0.166666667,0.3,0.386666667,0.5,1.496558176,0.013179196,1.308472445,0.029114286,0.103272297,0.011396011,3.403873164,0.029433214,1.067489098,0.222253146,0.010568795
r1,KPSKSPKSISPKPALDPGFPYVNREQKVKI,0.5,0.01451592,0.110676674,30,0.166666667,0.3,0.386666667,0.5,1.536435357,0.018957922,1.308472445,0.029275,0.100274617,0.00968661,3.550469472,0.057282285,1.067489098,0.274892534,0.020568761
r1,KPSKSPKSISPKPALDPGFPYVNREQKVKI,-3,0.01451592,0.110676674,30,0.166666667,0.3,0.386666667,0.5,1.137590977,0.090272588,1.308472445,0.125842857,0.235654123,0.082621083,2.263678057,0.334798856,1.067489098,-0.187164887,0.120218626
r1,KPSKSPKSISPKPALDPGFPYVNREQKVKI,-2,0.01451592,0.110676674,30,0.166666667,0.3,0.386666667,0.5,1.320347955,0.020807635,1.308472445,0.062197619,0.160135452,0.042735043,2.874597155,0.048789926,1.067489098,0.032202214,0.017519349
r1,KPSKSPKSISPKPALDPGFPYVNREQKVKI,-0.5,0.01451592,0.110676674,30,0.166666667,0.3,0.386666667,0.5,1.439891963,0.016298727,1.308472445,0.046288095,0.128770076,0.027350427,3.232860432,0.051016988,1.067489098,0.160846378,0.018319036
r1,KPSKSPKSISPKPALDPGFPYVNREQKVKI,-1,0.01451592,0.110676674,30,0.166666667,0.3,0.386666667,0.5,1.400640046,0.017003977,1.308472445,0.0201,0.124470289,0.025641026,3.083218886,0.042424178,1.067489098,0.107113515,0.015233554
r2,DKKPYVFLSPNPKSPIKVQKKPSEAGRPIS,1,0.055741385,0.185032078,30,0.166666667,0.3,0.386666667,0.5,1.573960243,0.012914461,1.308472445,0.003588095,0.073483751,0.000569801,3.818263502,0.042988606,1.058920363,0.371051256,0.015436227
r2,DKKPYVFLSPNPKSPIKVQKKPSEAGRPIS,2,0.055741385,0.185032078,30,0.166666667,0.3,0.386666667,0.5,1.644728469,0.01049165,1.308472445,0.002767857,0.064709355,0,4.044678629,0.024449483,1.058920363,0.45235176,0.008779251
r2,DKKPYVFLSPNPKSPIKVQKKPSEAGRPIS,3,0.055741385,0.185032078,30,0.166666667,0.3,0.386666667,0.5,1.701929272,0.003811064,1.308472445,0.001660714,0.059579273,0,4.239698324,0.017804303,1.058920363,0.52237888,0.006393119
r2,DKKPYVFLSPNPKSPIKVQKKPSEAGRPIS,-3,0.055741385,0.185032078,30,0.166666667,0.3,0.386666667,0.5,1.014438015,0.009775227,1.308472445,0.032441667,0.218002596,0.132193732,1.609265471,0.187381594,1.058920363,-0.422149507,0.067284453
r2,DKKPYVFLSPNPKSPIKVQKKPSEAGRPIS,0.5,0.055741385,0.185032078,30,0.166666667,0.3,0.386666667,0.5,1.519896016,0.018474052,1.308472445,0.00334881,0.082276953,0.007977208,3.632987641,0.08483755,1.058920363,0.304522924,0.030463227
r2,DKKPYVFLSPNPKSPIKVQKKPSEAGRPIS,0,0.055741385,0.185032078,30,0.166666667,0.3,0.386666667,0.5,1.434422164,0.007424486,1.308472445,0.007846429,0.093878414,0.017663818,3.3480244,0.022790599,1.058920363,0.20219913,0.008183584
r2,DKKPYVFLSPNPKSPIKVQKKPSEAGRPIS,-1,0.055741385,0.185032078,30,0.166666667,0.3,0.386666667,0.5,1.227056948,0.054084276,1.308472445,0.010052381,0.147635245,0.066666667,2.58723773,0.307211129,1.058920363,-0.070981995,0.110312503
r2,DKKPYVFLSPNPKSPIKVQKKPSEAGRPIS,-2,0.055741385,0.185032078,30,0.166666667,0.3,0.386666667,0.5,1.105323597,0.042235355,1.308472445,0.005720238,0.19036029,0.116239316,2.076009787,0.286274045,1.058920363,-0.254552279,0.102794474
r2,DKKPYVFLSPNPKSPIKVQKKPSEAGRPIS,-0.5,0.055741385,0.185032078,30,0.166666667,0.3,0.386666667,0.5,1.275788255,0.02646756,1.308472445,0.004238095,0.130456452,0.052421652,2.77553525,0.083379996,1.058920363,-0.003368655,0.029939853
