Protein name,Sequence,Length,Omega,Hydro,Kappa,NCPR,FCR,Expand,Chi(3-0),Chi(-3-0),ChiW,stdChi(3-0),stdChi(-3-0),stdChi(0)
A1LCD,GSMASASSSQRGRSGSGNFGGGRGGGFGGNDNFGRGGNFSGRGGFGGSRGGGGYGGSGDGYNGFGNDGSNFGGGGSYNDFGNYNNQSSNFGPMKGGNFGGRSSGPYGGGGQYFAKPRNQGGYGGSSSSSSYGSGRRF,137,0.575020209,0.385320357,0.215269875,0.058394161,0.116788321,0.138686131,0.38819554,-0.15106089,-0.345739601,0.060592715,0.153966181,0.052737246
Ash1,GASASSSPSPSTPTKSGKMRSRSSSPVRPKAYTPSPRSPNYHRFALDSPPQSPRRSSNSSITKKGSRRSSGSSPTRHTTRVCV,83,0.09974479,0.36398929,0.193920481,0.180722892,0.204819277,0.34939759,0.121528913,-0.664971172,0.79323041,0.021150642,0.091040129,0.019719032
DP00007,MPKRGKKGAVAEDGDELRTEPEAKKSKTAAKKNDKEAAGEGPA,43,0.035304329,0.335142119,0.297424904,0.046511628,0.465116279,0.534883721,0.183376043,-0.352119481,0.325170018,0.00850902,0.07366121,0.008325922
DP00011,LPEETMDFMVQHTSFKEMKKNPMTNYTTVPQELMDHSISPFMRKGM,46,0.202052399,0.419565217,0.299255385,-0.02173913,0.239130435,0.326086957,0.285240193,-0.131716654,-0.518604959,0.065288676,0.060703433,0.027456531
DP00013,DPRFQDSSSSKAPPPSLPSPSRLPGPSDTPILPQ,34,0.02967898,0.390849673,0.226488714,0,0.176470588,0.470588235,0.141288735,-0.291214653,0.204182256,0.014727427,0.0393307,0.01332043
DP00029,RSPDKQAAALPRRERNRQAAAASPENSRGKGRRGQR,36,0.143425732,0.289197531,0.175620672,0.222222222,0.388888889,0.472222222,0.1826088,-0.615507972,0.574640775,0.010729612,0.085322487,0.010290486
DP00048,LEAQEEEEVGFPVTPQVPLR,20,0.040774371,0.443888889,0.776637988,-0.2,0.3,0.45,0.266753212,-0.290290863,-0.213093898,0.021074295,0.028961567,0.019440724
DP00055,LLPAGGENGSEATDVSDEVEAAEMEDEAVRSQVQHKPK,38,0.066596451,0.402923977,0.38434707,-0.184210526,0.342105263,0.394736842,0.383929003,-0.263814634,-0.298070625,0.182171842,0.192931105,0.178085859
DP00060,DKFYTPKTRPSGHDIGKSFSKDNGGSIPPNLLQISNSE,38,0.167112021,0.382748538,0.178648308,0.026315789,0.236842105,0.342105263,0.395857013,-0.315162696,-0.097170801,0.061979234,0.128499542,0.053807997
DP00067,MFGRDPFDSLFERMFKEFFATPMTGTTMIQSS,32,0.274958171,0.482291667,0.100767929,-0.03125,0.21875,0.28125,0.16954579,-0.070293258,-0.512691067,0.051660833,0.065634828,0.029704222
DP00070,EEGAPQEGILEDMPVDPDNEAYEMPSEEGYQDYEPEA,37,0.016139874,0.344744745,0.055851162,-0.378378378,0.378378378,0.513513514,0.430022353,-0.467895351,0.466702153,0.293630209,0.368236489,0.293537749
DP00080,DSQKRREILSRRPSYRKILNDLSSD,25,0.036099165,0.332,0.220170071,0.12,0.44,0.48,0.321887396,-0.349319892,0.135107712,0.050080369,0.070008839,0.049042391
DP00083,STDSTPMFEYENLEDNSKEWTSLFDNDIPVTTDD,34,0.043772453,0.376797386,0.131778404,-0.264705882,0.323529412,0.382352941,0.470577938,-0.568563875,0.123230416,0.157961749,0.234777393,0.157776636
DP00100,IDLAAAPMGVEIMAPPGMEEMTSQLQSMFQNLGGQ,35,0.490713902,0.512380952,0.312304989,-0.114285714,0.114285714,0.2,0.056622403,-0.107049866,-0.45250858,0.035592194,0.101571786,0.030558967
DP00103,MSSKEQKTPEGQAPEEIIMDQHEEIEAVEPEA,32,0.012145994,0.371180556,0.232317369,-0.25,0.375,0.46875,0.323690601,-0.595749425,0.093464737,0.091221575,0.188703153,0.090152843
DP00107,SDNVQVAPQEVEVSSYLVGQIDSEVDTDDLSNFQL,35,0.299199045,0.464126984,0.278897995,-0.228571429,0.228571429,0.257142857,0.250702753,-0.088365162,-0.51230013,0.111380065,0.071013601,0.060164788
DP00133,MAEEQARHVKNGLECIRALKAEPIGSLAIEEAMAAWSEISDNPGQERATC,50,0.102126508,0.456,0.199752593,-0.08,0.28,0.32,0.518715156,-0.360498348,-0.270666897,0.113881627,0.205759586,0.095438297
DP00179,NTDQQKVSEIFQSSKEKLQGDAKVVSDAFKK,31,0.062069682,0.383154122,0.03728709,0.032258065,0.35483871,0.35483871,0.562674089,-0.255641764,-0.269961498,0.101939106,0.113384964,0.101281702
DP00246,MAQWDDFPDQQEDTDSCTESVKFDARSVTALLPPHPKNGPTLQERMKSYK,50,0.0634532,0.374888889,0.285570036,-0.06,0.3,0.4,0.259586127,-0.05522118,-0.566410438,0.074586728,0.128076323,0.071548993
DP00284,TNVLNQGGEVGYDSSSNVIQDSNLDTAINPDDRPLSEIPTDDNPNMSMAEM,51,0.21563497,0.412854031,0.125528025,-0.176470588,0.215686275,0.294117647,0.804387505,-0.169579995,-0.479282127,0.161396608,0.124805152,0.106290329
DP00303,HHEAELKPLAQSHATKHKIP,20,0.256999285,0.376666667,0.36507702,0.05,0.25,0.35,0.306569823,-0.213568031,-0.176952525,0.022667951,0.033503302,0.017316074
DP00356,TDFIDEEVLMSLVIEMGLDRIKELPELWLGQNEFDFMTDFVCKQQPSRVS,50,0.134895613,0.487777778,0.231787619,-0.14,0.3,0.34,0.482358139,-0.16265493,-0.49526535,0.118478161,0.113834922,0.044435083
DP00398,KKVPVLPMVAGGSGLDEFINFDPEVERQQTELRHKRTGGKH,41,0.139908336,0.407859079,0.28109811,0.024390244,0.317073171,0.390243902,0.114328897,-0.425138577,0.019647963,0.066549233,0.129164728,0.066218975
DP00399,VEGGAHDVIVKDRINDYHPK,20,0.067670613,0.408333333,0.079310725,-0.05,0.35,0.4,0.218400219,-0.292044655,-0.090280467,0.021761589,0.022130592,0.02111909
DP00438,NFGPKGFGYGQGAGALVHAQ,20,0.98078674,0.478333333,0.95280236,0.05,0.05,0.1,0.074971819,-0.067656032,-0.403107753,0.027548037,0.025956128,0.019080407
DP00449,EENRTEAPEETEPERETPSAINGNPSWHLADSPAVNGATGHSSSLDAREV,50,0.308512856,0.369333333,0.165450952,-0.16,0.28,0.38,0.328224073,-0.269908951,0.393260738,0.070335687,0.120140052,0.070052127
DP00549,RPQGSARPQPDPNAEFDPDLPGGGLHRCLACARYFIDSTNLK,42,0.10572447,0.41031746,0.304813522,0,0.238095238,0.380952381,0.253722541,-0.353384305,-0.086937758,0.045752245,0.152174717,0.038796413
DP00557,DDKYRELRSQLSNKSLAPEVHQQISKQLADRER,33,0.163869287,0.331649832,0.059122843,0.03030303,0.393939394,0.424242424,0.563124855,-0.052676419,-0.150850362,0.100822539,0.12588523,0.093965592
DP00575,MKLAPYILELLTSVNRTNGT,20,0.186561771,0.513888889,0.462052506,0.05,0.15,0.2,0.075434246,-0.128380924,-0.233948181,0.049721405,0.098633841,0.047974541
DP00611,RTSIPNAASEEGDEDDWASN,20,0.090556458,0.341111111,0.79131727,-0.25,0.35,0.4,0.461032246,-0.300297511,-0.25807378,0.113016143,0.146280367,0.107750504
DP00622,MSATAATVPPAAPAGEGGPPAPPPNLTSNRRLQQT,35,0.179930394,0.440952381,0.984239849,0.028571429,0.085714286,0.314285714,0.387920236,-0.150920908,-0.39211236,0.130478962,0.138313509,0.129367381
DP00628,GIHKQKEKSRLQGGVLVNEILNHMKRATQIPSYKKLIMY,39,0.175778758,0.432193732,0.187188612,0.153846154,0.256410256,0.282051282,0.550415162,-0.064132173,-0.56275941,0.087952461,0.154649166,0.082367073
DP00718,DMNSLMMGEDKIKFKHITPL,20,0.256952642,0.459444444,0.316512427,0,0.3,0.35,0.188447391,-0.084442293,-0.285909058,0.020535434,0.039599676,0.01572899
DP00719,MEAENAGSYSLQQAQAFYTFPFQQLMAEAPNMAVVNEQQMPEEVPAPAPA,50,0.397575718,0.462888889,0.240469474,-0.12,0.12,0.24,0.19444089,-0.179556478,-0.327845419,0.099069605,0.125121247,0.069094992
DP00720,KKKKEKKSEKKEKKEKKHKEKERTKKPSKKKKDSGK,36,0.343667922,0.132098765,0.093367222,0.416666667,0.805555556,0.833333333,0.080323134,-0.504251421,1.264255666,0.011479966,0.115223336,0.00962558
DP00764,DRRIPGTAEENLQKSSGGVP,20,0.119020146,0.373333333,0.322012688,0,0.3,0.4,0.228840677,-0.168480088,0.022114299,0.020140523,0.015511022,0.010078685
DP00768,HSSRPSQNIAAGLESPDQQAGAQILGQCGTGGSDEPSEPSRAEDPGPGPW,50,0.385567766,0.386222222,0.285708122,-0.1,0.18,0.32,0.283075487,-0.403703128,-0.119631594,0.05707119,0.085269304,0.053625584
DP00778,MDFTAKIKELERELSETSDYKTLQKKTISL,30,0.024788083,0.41,0.178796058,0,0.4,0.4,0.132615947,-0.493140022,0.182741926,0.077193865,0.149824787,0.076810783
DP00809,AAPEKKESKPRKPKAAQVSEEASTPQGFNTLKDKLEEWIEMSNRKDLIKK,50,0.167914934,0.35,0.176480787,0.06,0.42,0.5,0.225737315,-0.293803653,0.304563589,0.012456951,0.073550989,0.012042805
DP00858,VGAANNQNPAAEDKGATTPASKEEAKKSEAAAKNAGKAAGKALPKTSAVK,50,0.126995804,0.407111111,0.111459175,0.08,0.28,0.34,0.35627738,-0.61849524,-0.038211318,0.093825484,0.09961356,0.093785174
DP00872,SGVNKSDKKVTPTEEKEQEAVSKSTSPAANSADTPNETGKRPLEEEKPPK,50,0.144088756,0.322666667,0.112734307,-0.02,0.38,0.5,0.16425047,-0.525196388,0.475058564,0.012358191,0.035458023,0.009691034
DP00893,IRAPTTMKKFEDSEKAKKPVRSMIETRGEKPKEKAKNSKKKGAKKEG,47,0.072830655,0.311820331,0.170453145,0.212765957,0.510638298,0.574468085,0.13341954,-0.611278273,0.757185365,0.013197408,0.069226646,0.009290779
DP00897,KKILSMIPGFGGAMPKELSH,20,0.247776062,0.503333333,0.14011976,0.1,0.2,0.3,0.201082668,-0.214137167,-0.249132404,0.015907643,0.081872308,0.015382387
DP00899,QANVDPIVPNDFKPMKGYGN,20,0.023387766,0.409444444,0.447204224,0,0.2,0.35,0.257428525,-0.217683605,-0.27208647,0.023104414,0.077444893,0.020904812
DP00912,QEDEDEEEEREKKPAEQAEETAPIEATATKEEEGSS,36,0.34094591,0.274691358,0.342030388,-0.333333333,0.555555556,0.611111111,0.22517572,-0.404954803,0.766155449,0.065117362,0.077953418,0.064204659
DP00929,KKRRQRRRAHQNSQTHQASLSKQPTSQPRGDPTGPKE,37,0.341367357,0.242942943,0.395519389,0.216216216,0.324324324,0.432432432,0.202727362,-0.328721498,0.139103188,0.019331865,0.105009588,0.018195257
DP00949,ILFKDNEKSCQNKESNKDDTKEAKESKENKEVSSPDDLELELENLEINDD,50,0.022877089,0.317333333,0.132411251,-0.18,0.5,0.52,0.24416826,-0.951042835,0.536774887,0.033236917,0.325278356,0.032107616
DP00958,KLPVAQYSAPDGVEKSFAPI,20,0.171253976,0.491666667,0.232421406,0,0.2,0.35,0.229735752,-0.102777438,-0.291401084,0.014309099,0.027785414,0.010106408
DP00974,QNSARIRQNTREHPSTANTVDRTNHQLENLEAETAPLP,38,0.104642179,0.346491228,0.315632288,-0.026315789,0.236842105,0.315789474,0.538116523,-0.192842457,-0.36106308,0.040868239,0.119201623,0.036180939
DP01023,MPRGFLVKRSKKSTPVSYRV,20,0.039599731,0.432777778,0.283203125,0.3,0.3,0.4,0.406088823,-0.370331822,-0.078717482,0.0268166,0.044851407,0.023763163
DP01082,NKTDTIAPTVQSVVSLSPTTIQVVYSESINNKEALDLSNYKIINSSN,47,0.314128985,0.474231678,0.176740233,-0.021276596,0.14893617,0.191489362,0.195091117,-0.110929121,-0.471877618,0.116525461,0.132420332,0.105096284
DP01327,QTQQEEEEEDEDHGPDDYDEEDEDEVEEEETNRL,34,0.288378308,0.199673203,0.423363479,-0.588235294,0.647058824,0.676470588,1.026803907,-0.150062303,-0.229768405,0.371808483,0.402798344,0.323273112
DP01641,GPRSPSYGRSRSRSRSRSRSRSRSNSRSRSYSPRRSRGSPRYSPRHSRSRSRT,53,0.011329879,0.244234801,0.088318884,0.358490566,0.358490566,0.452830189,0.071252998,-0.217140458,1.332561923,0.015993386,0.025832578,0.014777533
DP02138,KKEEEDDEEDEEDEEEEEEEEDEDEEEDDDD,31,0,0.108243728,0.577503621,-0.870967742,1,1,0.172845604,-0.651501021,0.904257717,0.328079625,0.649517993,0.322767014
DP02143,MRVKGPSSRRKKKKILKLAKGYRGQRSRSYRRAKEAVMRALYYQYRDRKLRKREFRRLW,59,0.114194735,0.327306968,0.240944028,0.372881356,0.474576271,0.491525424,0.419164634,-0.589267891,0.967256666,0.105585102,0.179147614,0.103245447
E1A,MRHIICHGGVITEEMAASLLDQLIEEVLADNLPPPSHFEP,40,0.260817048,0.513333333,0.247319683,-0.15,0.2,0.3,0.18231946,-0.176062554,-0.357761996,0.053041455,0.054370785,0.04268316
Fibs1NTD,MKPGFSPRGGGFGGRGGFGDRGGRGGRGGFGGGRGRGGGFRGRGRGGGGGGGGGGGGGRGGGGFHSGGNRGRGRGGKRGNQSGKNVMVEP,90,0.25919565,0.375061728,0.172886683,0.177777778,0.222222222,0.255555556,0.210411975,-0.473323715,0.564154021,0.046419398,0.096730168,0.045602048
NproteinNTD,MSDNGPQNQRNAPRITFGGPSDSTGSNQNGERSGARSKQRRPQGLPNNT,49,0.134635884,0.308390023,0.364129431,0.081632653,0.204081633,0.306122449,0.635709312,-0.335554745,-0.303142707,0.1986293,0.21831668,0.198551157
P03520,DNLTKVREYLKSYSRLDQAVGEIDEIEAQRAEKSNYELFQEDGVEEHTKPSYFQAADDS,59,0.057315024,0.37306968,0.2101005,-0.13559322,0.372881356,0.389830508,0.417380189,-0.638722828,0.171557545,0.114739638,0.131062282,0.113718458
P15516,DSHAKRHHGYKRKFHEKHHSHRGY,24,0.032558476,0.227314815,0.2487941,0.208333333,0.375,0.375,0.353323605,-0.255231456,0.032217104,0.062968593,0.217709384,0.060899971
Q02199,GCQTSRGLFGNNNTNNINNSSSGMNNASAGLFGSKPCA,38,0.78723581,0.430994152,0.418105329,0.052631579,0.052631579,0.078947368,0.116308207,-0.041550835,-0.44288824,0.049576216,0.096874042,0.041777481
Q03281,ACETNKRKREQISTDNEAKMQIQEEKSPKKKRKKRSSKANKPPECA,46,0.162269353,0.276086957,0.392376338,0.173913043,0.47826087,0.543478261,0.166284057,-0.442238758,0.504023234,0.016210684,0.084271147,0.014597616
Q16236_tail,EDGKPYSPSEYSLQQTRDGNVFLVPKSKKPDVKKN,35,0.178635326,0.340952381,0.135457394,0.057142857,0.342857143,0.457142857,0.106113933,-0.196901188,0.079465587,0.026096999,0.042813881,0.023237764
Q8B9Q8,MSFPEGKDILFMGNEAAKLAEAFQKSLRKPSHKRSQSIIGEKVNTVSETLELPTISRPTKP,61,0.102621147,0.435701275,0.224086192,0.049180328,0.278688525,0.360655738,0.552213026,-0.210328598,-0.321977223,0.101175558,0.131589478,0.096057538
fl,KVSSKRIPYAPSGEIPKFSLQDPPNKKPKV,30,0.041912073,0.386666667,0.252514829,0.166666667,0.3,0.5,0.247819976,-0.432204798,0.242981796,0.017465874,0.062608091,0.015457849
p53,MEEPQSDPSVEPPLSQETFSDLWKLLPENNVLSPLPSQAMDDLMLSPDDIEQWFTEDPGPD,61,0.051170746,0.415846995,0.147702281,-0.229508197,0.262295082,0.426229508,0.425692066,-0.340118324,0.212208096,0.312207939,0.313019092,0.261899541
pro,KVSSKRISYASSGEISKFSLQDSSNKKSKV,30,0.166705299,0.404444444,0.252514829,0.166666667,0.3,0.3,0.554089454,-0.385528775,-0.118416043,0.069820734,0.132903492,0.069740773
puma_wildfull,VEEEEWAREIGAQLRRIADDLNAQYERRRQEEQH,34,0.091953467,0.312745098,0.182008363,-0.117647059,0.470588235,0.470588235,0.625435167,-0.392284288,-0.119801134,0.066431479,0.084187657,0.065894281
r1,KPSKSPKSISPKPALDPGFPYVNREQKVKI,30,0.01451592,0.386666667,0.110676674,0.166666667,0.3,0.5,0.214913879,-0.409106908,0.221324329,0.012374015,0.120590591,0.010560764
r2,DKKPYVFLSPNPKSPIKVQKKPSEAGRPIS,30,0.055741385,0.386666667,0.185032078,0.166666667,0.3,0.5,0.319936438,-0.623874181,0.201285552,0.010376857,0.067728789,0.008177365
