Protein name,Sequence,Length,Chi(3-0),Chi(-3-0),Chi(2-0),Chi(-2-0),Chi(1-0),Chi(-1-0),stdChi(3-0),stdChi(-3-0),stdChi(2-0),stdChi(-2-0),stdChi(1-0),stdChi(-1-0),Chi(0),stdChi(0)
A1LCD,GSMASASSSQRGRSGSGNFGGGRGGGFGGNDNFGRGGNFSGRGGFGGSRGGGGYGGSGDGYNGFGNDGSNFGGGGSYNDFGNYNNQSSNFGPMKGGNFGGRSSGPYGGGGQYFAKPRNQGGYGGSSSSSSYGSGRRF,137,0.38819554,-0.15106089,0.228385896,-0.204611851,0.040406934,-0.105488103,0.060592715,0.153966181,0.097166194,0.22906786,0.149778922,0.235152287,-0.345739601,0.052737246
Ash1,GASASSSPSPSTPTKSGKMRSRSSSPVRPKAYTPSPRSPNYHRFALDSPPQSPRRSSNSSITKKGSRRSSGSSPTRHTTRVCV,83,0.121528913,-0.664971172,0.097861007,-0.37297411,0.065872816,-0.168827998,0.021150642,0.091040129,0.02008484,0.046907259,0.025719714,0.043428654,0.79323041,0.019719032
DP00007,MPKRGKKGAVAEDGDELRTEPEAKKSKTAAKKNDKEAAGEGPA,43,0.183376043,-0.352119481,0.13933221,-0.178414115,0.074188929,-0.070880182,0.00850902,0.07366121,0.012314971,0.014391202,0.010969125,0.011009896,0.325170018,0.008325922
DP00011,LPEETMDFMVQHTSFKEMKKNPMTNYTTVPQELMDHSISPFMRKGM,46,0.285240193,-0.131716654,0.156019766,-0.056771371,0.109967643,-0.037490473,0.065288676,0.060703433,0.052368716,0.076825449,0.057363642,0.074833177,-0.518604959,0.027456531
DP00013,DPRFQDSSSSKAPPPSLPSPSRLPGPSDTPILPQ,34,0.141288735,-0.291214653,0.108500195,-0.165007453,0.048636979,-0.051347672,0.014727427,0.0393307,0.013929364,0.041993158,0.015899398,0.029054397,0.204182256,0.01332043
DP00029,RSPDKQAAALPRRERNRQAAAASPENSRGKGRRGQR,36,0.1826088,-0.615507972,0.140304674,-0.420781201,0.093279953,-0.159604021,0.010729612,0.085322487,0.011706464,0.069038766,0.01175761,0.021027554,0.574640775,0.010290486
DP00048,LEAQEEEEVGFPVTPQVPLR,20,0.266753212,-0.290290863,0.204055416,-0.204318023,0.103075199,-0.1132872,0.021074295,0.028961567,0.022320669,0.030634993,0.022607567,0.025074527,-0.213093898,0.019440724
DP00055,LLPAGGENGSEATDVSDEVEAAEMEDEAVRSQVQHKPK,38,0.383929003,-0.263814634,0.355232917,-0.235153015,0.294838782,-0.111396131,0.182171842,0.192931105,0.178344087,0.186546924,0.179505419,0.250949263,-0.298070625,0.178085859
DP00060,DKFYTPKTRPSGHDIGKSFSKDNGGSIPPNLLQISNSE,38,0.395857013,-0.315162696,0.31162199,-0.328628903,0.148381864,-0.195329197,0.061979234,0.128499542,0.057969301,0.130881417,0.073929867,0.067636803,-0.097170801,0.053807997
DP00067,MFGRDPFDSLFERMFKEFFATPMTGTTMIQSS,32,0.16954579,-0.070293258,0.084918711,-0.098242125,0.019078122,-0.049743394,0.051660833,0.065634828,0.046614633,0.035423611,0.05365459,0.06408878,-0.512691067,0.029704222
DP00070,EEGAPQEGILEDMPVDPDNEAYEMPSEEGYQDYEPEA,37,0.430022353,-0.467895351,0.360564775,-0.258004812,0.241217838,-0.033137401,0.293630209,0.368236489,0.298155008,0.36701553,0.334939833,0.34742617,0.466702153,0.293537749
DP00080,DSQKRREILSRRPSYRKILNDLSSD,25,0.321887396,-0.349319892,0.263698417,-0.256985447,0.121394622,-0.197785163,0.050080369,0.070008839,0.049840805,0.062216037,0.053559246,0.080149996,0.135107712,0.049042391
DP00083,STDSTPMFEYENLEDNSKEWTSLFDNDIPVTTDD,34,0.470577938,-0.568563875,0.402073861,-0.409205262,0.187834248,-0.389618233,0.157961749,0.234777393,0.158631237,0.183996124,0.22774006,0.203754611,0.123230416,0.157776636
DP00100,IDLAAAPMGVEIMAPPGMEEMTSQLQSMFQNLGGQ,35,0.056622403,-0.107049866,0.038023046,-0.034072118,-0.016369603,-0.051118312,0.035592194,0.101571786,0.043720225,0.03323873,0.036822961,0.052748212,-0.45250858,0.030558967
DP00103,MSSKEQKTPEGQAPEEIIMDQHEEIEAVEPEA,32,0.323690601,-0.595749425,0.259800326,-0.400632324,0.188987023,-0.185314023,0.091221575,0.188703153,0.09074738,0.201039698,0.091581021,0.134377402,0.093464737,0.090152843
DP00107,SDNVQVAPQEVEVSSYLVGQIDSEVDTDDLSNFQL,35,0.250702753,-0.088365162,0.230684277,-0.009530192,0.117256525,-0.02315611,0.111380065,0.071013601,0.078291895,0.117263897,0.088701099,0.104338515,-0.51230013,0.060164788
DP00133,MAEEQARHVKNGLECIRALKAEPIGSLAIEEAMAAWSEISDNPGQERATC,50,0.518715156,-0.360498348,0.314748315,-0.375050045,0.054048855,-0.169092852,0.113881627,0.205759586,0.133014254,0.187139989,0.124055425,0.136103408,-0.270666897,0.095438297
DP00179,NTDQQKVSEIFQSSKEKLQGDAKVVSDAFKK,31,0.562674089,-0.255641764,0.457675218,-0.22449491,0.201619974,-0.107873303,0.101939106,0.113384964,0.102200489,0.123924695,0.111868373,0.102211089,-0.269961498,0.101281702
DP00246,MAQWDDFPDQQEDTDSCTESVKFDARSVTALLPPHPKNGPTLQERMKSYK,50,0.259586127,-0.05522118,0.197613909,-0.09266751,0.058850069,-0.063964743,0.074586728,0.128076323,0.096473373,0.099000775,0.089530932,0.106006454,-0.566410438,0.071548993
DP00284,TNVLNQGGEVGYDSSSNVIQDSNLDTAINPDDRPLSEIPTDDNPNMSMAEM,51,0.804387505,-0.169579995,0.702245323,-0.176736314,0.373926173,-0.049068516,0.161396608,0.124805152,0.142605161,0.11927977,0.231749468,0.148021612,-0.479282127,0.106290329
DP00303,HHEAELKPLAQSHATKHKIP,20,0.306569823,-0.213568031,0.225793988,-0.174171325,0.10439555,-0.102078272,0.022667951,0.033503302,0.021097236,0.03085098,0.021332056,0.026365517,-0.176952525,0.017316074
DP00356,TDFIDEEVLMSLVIEMGLDRIKELPELWLGQNEFDFMTDFVCKQQPSRVS,50,0.482358139,-0.16265493,0.260459074,-0.0865006,0.140668553,-0.031352791,0.118478161,0.113834922,0.130949275,0.140061511,0.09810166,0.120664589,-0.49526535,0.044435083
DP00398,KKVPVLPMVAGGSGLDEFINFDPEVERQQTELRHKRTGGKH,41,0.114328897,-0.425138577,0.079145444,-0.253110937,0.021106889,-0.165594718,0.066549233,0.129164728,0.07040578,0.20345849,0.085131692,0.100526956,0.019647963,0.066218975
DP00399,VEGGAHDVIVKDRINDYHPK,20,0.218400219,-0.292044655,0.159770988,-0.209636369,0.092187967,-0.130409512,0.021761589,0.022130592,0.021537195,0.030653932,0.022374647,0.036493339,-0.090280467,0.02111909
DP00438,NFGPKGFGYGQGAGALVHAQ,20,0.074971819,-0.067656032,0.053014105,-0.048016896,0.023206983,-0.017337793,0.027548037,0.025956128,0.021453627,0.025931539,0.024900933,0.021535578,-0.403107753,0.019080407
DP00449,EENRTEAPEETEPERETPSAINGNPSWHLADSPAVNGATGHSSSLDAREV,50,0.328224073,-0.269908951,0.240297972,-0.126802289,0.175097115,-0.06466505,0.070335687,0.120140052,0.070404616,0.070924511,0.071330618,0.077482684,0.393260738,0.070052127
DP00549,RPQGSARPQPDPNAEFDPDLPGGGLHRCLACARYFIDSTNLK,42,0.253722541,-0.353384305,0.167795891,-0.290725689,0.083322505,-0.192177519,0.045752245,0.152174717,0.040878873,0.06412904,0.050604255,0.181149371,-0.086937758,0.038796413
DP00557,DDKYRELRSQLSNKSLAPEVHQQISKQLADRER,33,0.563124855,-0.052676419,0.376246751,-0.051993605,0.186070196,-0.026787529,0.100822539,0.12588523,0.134607473,0.13779214,0.134731335,0.152203006,-0.150850362,0.093965592
DP00575,MKLAPYILELLTSVNRTNGT,20,0.075434246,-0.128380924,0.029797878,-0.092455672,0.013502509,-0.036077968,0.049721405,0.098633841,0.060110606,0.087196394,0.055163115,0.07148838,-0.233948181,0.047974541
DP00611,RTSIPNAASEEGDEDDWASN,20,0.461032246,-0.300297511,0.177194467,-0.319216349,0.128639174,-0.272984729,0.113016143,0.146280367,0.33111749,0.143710596,0.116526712,0.164844321,-0.25807378,0.107750504
DP00622,MSATAATVPPAAPAGEGGPPAPPPNLTSNRRLQQT,35,0.387920236,-0.150920908,0.218953181,-0.084803436,0.111508994,-0.036223223,0.130478962,0.138313509,0.141527532,0.141631094,0.18359083,0.143247154,-0.39211236,0.129367381
DP00628,GIHKQKEKSRLQGGVLVNEILNHMKRATQIPSYKKLIMY,39,0.550415162,-0.064132173,0.354235533,-0.093875477,0.19509051,-0.047530739,0.087952461,0.154649166,0.08754358,0.126000165,0.090269089,0.099349065,-0.56275941,0.082367073
DP00718,DMNSLMMGEDKIKFKHITPL,20,0.188447391,-0.084442293,0.098401316,-0.092526513,0.050075611,-0.02349702,0.020535434,0.039599676,0.018819646,0.031353509,0.017759742,0.041283314,-0.285909058,0.01572899
DP00719,MEAENAGSYSLQQAQAFYTFPFQQLMAEAPNMAVVNEQQMPEEVPAPAPA,50,0.19444089,-0.179556478,0.074815279,-0.115383845,0.037141316,0.012170328,0.099069605,0.125121247,0.100900318,0.111434744,0.07313472,0.091161172,-0.327845419,0.069094992
DP00720,KKKKEKKSEKKEKKEKKHKEKERTKKPSKKKKDSGK,36,0.080323134,-0.504251421,0.056914019,-0.217688447,0.034346805,-0.051769068,0.011479966,0.115223336,0.012901576,0.082267369,0.011585476,0.023179085,1.264255666,0.00962558
DP00764,DRRIPGTAEENLQKSSGGVP,20,0.228840677,-0.168480088,0.149588141,-0.114105702,0.081493137,-0.056525896,0.020140523,0.015511022,0.012449439,0.011160503,0.014990649,0.010565817,0.022114299,0.010078685
DP00768,HSSRPSQNIAAGLESPDQQAGAQILGQCGTGGSDEPSEPSRAEDPGPGPW,50,0.283075487,-0.403703128,0.199338606,-0.294027525,0.155984755,-0.133402947,0.05707119,0.085269304,0.05408115,0.064518363,0.057094685,0.068453526,-0.119631594,0.053625584
DP00778,MDFTAKIKELERELSETSDYKTLQKKTISL,30,0.132615947,-0.493140022,0.091804856,-0.293596347,0.024482962,-0.1920818,0.077193865,0.149824787,0.081667272,0.236001929,0.098748613,0.116606368,0.182741926,0.076810783
DP00809,AAPEKKESKPRKPKAAQVSEEASTPQGFNTLKDKLEEWIEMSNRKDLIKK,50,0.225737315,-0.293803653,0.17584888,-0.239060088,0.091092644,-0.13549306,0.012456951,0.073550989,0.012836132,0.119145515,0.020628834,0.054289135,0.304563589,0.012042805
DP00858,VGAANNQNPAAEDKGATTPASKEEAKKSEAAAKNAGKAAGKALPKTSAVK,50,0.35627738,-0.61849524,0.299412792,-0.543172576,0.225587052,-0.459569793,0.093825484,0.09961356,0.094805483,0.113484876,0.09620374,0.210250195,-0.038211318,0.093785174
DP00872,SGVNKSDKKVTPTEEKEQEAVSKSTSPAANSADTPNETGKRPLEEEKPPK,50,0.16425047,-0.525196388,0.136520459,-0.437599878,0.077904586,-0.217218136,0.012358191,0.035458023,0.010029657,0.051746057,0.012145446,0.03560052,0.475058564,0.009691034
DP00893,IRAPTTMKKFEDSEKAKKPVRSMIETRGEKPKEKAKNSKKKGAKKEG,47,0.13341954,-0.611278273,0.10525843,-0.395540455,0.076817157,-0.149820736,0.013197408,0.069226646,0.011362526,0.076589672,0.012086921,0.040968706,0.757185365,0.009290779
DP00897,KKILSMIPGFGGAMPKELSH,20,0.201082668,-0.214137167,0.152453788,-0.153304156,0.0423299,-0.063973327,0.015907643,0.081872308,0.0179284,0.018744772,0.020833621,0.019663218,-0.249132404,0.015382387
DP00899,QANVDPIVPNDFKPMKGYGN,20,0.257428525,-0.217683605,0.173395354,-0.155291828,0.096641065,-0.09380089,0.023104414,0.077444893,0.025310046,0.029190178,0.024434917,0.028242333,-0.27208647,0.020904812
DP00912,QEDEDEEEEREKKPAEQAEETAPIEATATKEEEGSS,36,0.22517572,-0.404954803,0.178157016,-0.214916455,0.127446211,-0.129258911,0.065117362,0.077953418,0.064885796,0.073012624,0.064790519,0.173765193,0.766155449,0.064204659
DP00929,KKRRQRRRAHQNSQTHQASLSKQPTSQPRGDPTGPKE,37,0.202727362,-0.328721498,0.158619658,-0.201244272,0.073238862,-0.150871779,0.019331865,0.105009588,0.021151775,0.083981582,0.022269082,0.054626088,0.139103188,0.018195257
DP00949,ILFKDNEKSCQNKESNKDDTKEAKESKENKEVSSPDDLELELENLEINDD,50,0.24416826,-0.951042835,0.18683338,-0.506416381,0.123598675,-0.332098182,0.033236917,0.325278356,0.033433608,0.205857396,0.033309523,0.406036087,0.536774887,0.032107616
DP00958,KLPVAQYSAPDGVEKSFAPI,20,0.229735752,-0.102777438,0.143404266,-0.088363042,0.089573158,-0.07257625,0.014309099,0.027785414,0.020506263,0.013114069,0.013593484,0.024273433,-0.291401084,0.010106408
DP00974,QNSARIRQNTREHPSTANTVDRTNHQLENLEAETAPLP,38,0.538116523,-0.192842457,0.456917017,-0.166585791,0.30816681,-0.113846927,0.040868239,0.119201623,0.037122778,0.118110974,0.042179416,0.04983255,-0.36106308,0.036180939
DP01023,MPRGFLVKRSKKSTPVSYRV,20,0.406088823,-0.370331822,0.272902746,-0.266568193,0.170875674,-0.118805655,0.0268166,0.044851407,0.026497777,0.101477224,0.034018792,0.056809141,-0.078717482,0.023763163
DP01082,NKTDTIAPTVQSVVSLSPTTIQVVYSESINNKEALDLSNYKIINSSN,47,0.195091117,-0.110929121,0.114184982,-0.054034356,0.075540592,-0.041518948,0.116525461,0.132420332,0.115456144,0.120515022,0.114326621,0.158971202,-0.471877618,0.105096284
DP01327,QTQQEEEEEDEDHGPDDYDEEDEDEVEEEETNRL,34,1.026803907,-0.150062303,0.770974973,0.115953418,0.488075348,0.210826775,0.371808483,0.402798344,0.567199539,0.385607605,0.529397022,0.368052634,-0.229768405,0.323273112
DP01641,GPRSPSYGRSRSRSRSRSRSRSRSNSRSRSYSPRRSRGSPRYSPRHSRSRSRT,53,0.071252998,-0.217140458,0.05111751,-0.100887097,0.028023923,-0.030539963,0.015993386,0.025832578,0.017498178,0.01739948,0.015968821,0.015647454,1.332561923,0.014777533
DP02138,KKEEEDDEEDEEDEEEEEEEEDEDEEEDDDD,31,0.172845604,-0.651501021,0.152599026,-0.353788289,0.109869958,-0.248561545,0.328079625,0.649517993,0.366823273,0.353315908,0.328064055,0.446590703,0.904257717,0.322767014
DP02143,MRVKGPSSRRKKKKILKLAKGYRGQRSRSYRRAKEAVMRALYYQYRDRKLRKREFRRLW,59,0.419164634,-0.589267891,0.323396082,-0.429350564,0.232855743,-0.256225762,0.105585102,0.179147614,0.104728822,0.194884335,0.113272755,0.260036244,0.967256666,0.103245447
E1A,MRHIICHGGVITEEMAASLLDQLIEEVLADNLPPPSHFEP,40,0.18231946,-0.176062554,0.10486602,-0.044992435,0.060147981,-0.085818597,0.053041455,0.054370785,0.098655423,0.091301659,0.074771855,0.144177186,-0.357761996,0.04268316
Fibs1NTD,MKPGFSPRGGGFGGRGGFGDRGGRGGRGGFGGGRGRGGGFRGRGRGGGGGGGGGGGGGRGGGGFHSGGNRGRGRGGKRGNQSGKNVMVEP,90,0.210411975,-0.473323715,0.172062512,-0.321585663,0.120343427,-0.133489179,0.046419398,0.096730168,0.046825045,0.066056477,0.046227607,0.050706522,0.564154021,0.045602048
NproteinNTD,MSDNGPQNQRNAPRITFGGPSDSTGSNQNGERSGARSKQRRPQGLPNNT,49,0.635709312,-0.335554745,0.580967115,-0.333195123,0.432057208,-0.084256399,0.1986293,0.21831668,0.198675375,0.220478666,0.204599991,0.208884188,-0.303142707,0.198551157
P03520,DNLTKVREYLKSYSRLDQAVGEIDEIEAQRAEKSNYELFQEDGVEEHTKPSYFQAADDS,59,0.417380189,-0.638722828,0.378308319,-0.398305541,0.163741634,-0.312055132,0.114739638,0.131062282,0.114309673,0.149212493,0.139157182,0.309384147,0.171557545,0.113718458
P15516,DSHAKRHHGYKRKFHEKHHSHRGY,24,0.353323605,-0.255231456,0.250512685,-0.174053838,0.130740556,-0.08856782,0.062968593,0.217709384,0.061719614,0.107938454,0.062454799,0.079457979,0.032217104,0.060899971
Q02199,GCQTSRGLFGNNNTNNINNSSSGMNNASAGLFGSKPCA,38,0.116308207,-0.041550835,0.102334582,0.007513105,0.036177861,-0.024533414,0.049576216,0.096874042,0.044632446,0.124577867,0.06993627,0.065089228,-0.44288824,0.041777481
Q03281,ACETNKRKREQISTDNEAKMQIQEEKSPKKKRKKRSSKANKPPECA,46,0.166284057,-0.442238758,0.142041734,-0.298142946,0.098209257,-0.153476075,0.016210684,0.084271147,0.021609233,0.077979423,0.016542325,0.038000385,0.504023234,0.014597616
Q16236_tail,EDGKPYSPSEYSLQQTRDGNVFLVPKSKKPDVKKN,35,0.106113933,-0.196901188,0.072326668,-0.201996946,0.020566293,-0.087697248,0.026096999,0.042813881,0.026910279,0.07795461,0.027887675,0.04775114,0.079465587,0.023237764
Q8B9Q8,MSFPEGKDILFMGNEAAKLAEAFQKSLRKPSHKRSQSIIGEKVNTVSETLELPTISRPTKP,61,0.552213026,-0.210328598,0.434148114,-0.044697477,0.210577849,0.089991872,0.101175558,0.131589478,0.123418059,0.176911704,0.14708873,0.175979317,-0.321977223,0.096057538
fl,KVSSKRIPYAPSGEIPKFSLQDPPNKKPKV,30,0.247819976,-0.432204798,0.1783613,-0.258211795,0.115194659,-0.098367083,0.017465874,0.062608091,0.020058289,0.130778249,0.022446375,0.036199381,0.242981796,0.015457849
p53,MEEPQSDPSVEPPLSQETFSDLWKLLPENNVLSPLPSQAMDDLMLSPDDIEQWFTEDPGPD,61,0.425692066,-0.340118324,0.347166457,-0.300544288,0.041436473,-0.061756801,0.312207939,0.313019092,0.318264324,0.331484323,0.290930402,0.281146972,0.212208096,0.261899541
pro,KVSSKRISYASSGEISKFSLQDSSNKKSKV,30,0.554089454,-0.385528775,0.433672549,-0.340218721,0.269676188,-0.173353836,0.069820734,0.132903492,0.071811962,0.138369848,0.077395719,0.086659712,-0.118416043,0.069740773
puma_wildfull,VEEEEWAREIGAQLRRIADDLNAQYERRRQEEQH,34,0.625435167,-0.392284288,0.530457081,-0.315816517,0.226019117,-0.248134044,0.066431479,0.084187657,0.067616188,0.083266436,0.129590509,0.083303858,-0.119801134,0.065894281
r1,KPSKSPKSISPKPALDPGFPYVNREQKVKI,30,0.214913879,-0.409106908,0.14975299,-0.189906508,0.094445831,-0.115052134,0.012374015,0.120590591,0.0137329,0.020444828,0.014846095,0.018526692,0.221324329,0.010560764
r2,DKKPYVFLSPNPKSPIKVQKKPSEAGRPIS,30,0.319936438,-0.623874181,0.249962533,-0.456404313,0.168723812,-0.272973529,0.010376857,0.067728789,0.011992808,0.103041349,0.017458075,0.110531579,0.201285552,0.008177365
