Protein name,Sequence,Length,Kappa,EE(0),EE(+1),EE(-1),EE(+2),EE(-2),EE(+3),EE(-3),EEstd(0),EEstd(+1),EEstd(-1),EEstd(+2),EEstd(-2),EEstd(+3),EEstd(-3),Chi(0),Chi(+1),Chi(-1),Chi(+2),Chi(-2),Chi(+3),Chi(-3),stdChi(0),stdChi(+1),stdChi(-1),stdChi(+2),stdChi(-2),stdChi(+3),stdChi(-3),Chi(3-0),Chi(-3-0),Chi(2-0),Chi(-2-0),Chi(1-0),Chi(-1-0),stdChi(3-0),stdChi(-3-0),stdChi(2-0),stdChi(-2-0),stdChi(1-0),stdChi(-1-0)
A1LCD,GSMASASSSQRGRSGSGNFGGGRGGGFGGNDNFGRGGNFSGRGGFGGSRGGGGYGGSGDGYNGFGNDGSNFGGGGSYNDFGNYNNQSSNFGPMKGGNFGGRSSGPYGGGGQYFAKPRNQGGYGGSSSSSSYGSGRRF,137,0.2152698746088122,3.751480284505305,3.9831706301724137,3.1466193750880107,5.061027960446991,2.578251206812274,5.9773645288781765,2.8853084164539737,0.30239143176963273,0.8038241121172472,1.3139997882720198,0.46794073371913203,1.2781750113608938,0.1710844200702148,0.8294270734294944,-0.34573960083270894,-0.3053326663579462,-0.4512277042010129,-0.1173537050760457,-0.5503514517483366,0.042455939002206344,-0.49680049124425785,0.052737246060312805,0.14018740458967213,0.22916234680251105,0.08160914306126654,0.22291448434172162,0.02983722490259696,0.144652576313272,0.3881955398349154,-0.15106089041154888,0.22838589575666327,-0.2046118509156275,0.04040693447476274,-0.10548810336830387,0.060592715006955504,0.15396618120903358,0.097166194497985,0.22906785992662007,0.1497789221740309,0.23515228749484943
Ash1,GASASSSPSPSTPTKSGKMRSRSSSPVRPKAYTPSPRSPNYHRFALDSPPQSPRRSSNSSITKKGSRRSSGSSPTRHTTRVCV,83,0.19392048063415782,8.104159013392108,8.401858501595093,7.341173436717478,8.54642295978177,6.418574449665339,8.653385500519189,5.098950042892611,0.08911636213569522,0.07462517044907341,0.17486902702809914,0.017244909275359818,0.19234687119514848,0.03456884095294965,0.4016712019904841,0.793230410382624,0.8591032263674487,0.6244024127439662,0.8910914169067072,0.4202562999349564,0.9147593237808402,0.1282592385992236,0.01971903196621881,0.0165125245948565,0.03869376903669058,0.0038158303268436113,0.0425611415322807,0.0076491461663167485,0.08887893403794292,0.12152891339821614,-0.6649711717834005,0.09786100652408322,-0.3729741104476677,0.06587281598482465,-0.16882799763865783,0.021150642041281812,0.09104012926949175,0.020084839625150577,0.04690725946178895,0.025719714037689072,0.04342865395046816
DP00007,MPKRGKKGAVAEDGDELRTEPEAKKSKTAAKKNDKEAAGEGPA,43,0.2974249036226555,4.382065677299119,4.6273932622199805,4.147679439813828,4.842808743431268,3.792086761888095,4.9884526727224285,3.217678715684169,0.027532116636932304,0.02361541008223837,0.02382197470965265,0.03000586943863976,0.038815877753421116,0.005805716448619371,0.24202154717127386,0.3251700175183494,0.3993589466554608,0.2542898351323377,0.46450222793700235,0.14675590252211812,0.5085460608101704,-0.026949463098941084,0.008325921648113714,0.0071414797716293265,0.007203946487349107,0.009074003325792999,0.01173821690280888,0.001755692847731442,0.0731891581557605,0.18337604329182108,-0.35211948061729037,0.1393322104186531,-0.17841411499623128,0.07418892913711142,-0.07088018238601154,0.008509020429291725,0.07366120989258494,0.012314970874794263,0.014391202428842306,0.010969125061695641,0.011009896288481473
DP00011,LPEETMDFMVQHTSFKEMKKNPMTNYTTVPQELMDHSISPFMRKGM,46,0.29925538542178554,1.6436954273236843,2.019173560773694,1.5156863840592911,2.1764158628812917,1.4498528770658925,2.617631509354493,1.1939565586463343,0.09374873110736963,0.17197152696621915,0.23769380223814196,0.15226349114652238,0.2449915879687317,0.20225345703034253,0.18485492543552265,-0.5186049589619153,-0.408637316260993,-0.5560954317168617,-0.362585192967531,-0.5753763296703043,-0.23336476641536463,-0.6503216125124274,0.027456530880652818,0.050365924796712654,0.06961424591247932,0.044593960870493936,0.07175157488648794,0.059234703478945,0.054139132431011816,0.28524019254655064,-0.13171665355051212,0.1560197659943843,-0.05677137070838897,0.10996764270092238,-0.03749047275494638,0.0652886757733589,0.060703432756170204,0.05236871617788034,0.07682544882193354,0.05736364239331701,0.0748331766128058
DP00013,DPRFQDSSSSKAPPPSLPSPSRLPGPSDTPILPQ,34,0.22648871385333477,3.56167652361552,3.7055328090567565,3.409802672609198,3.882593556169352,3.0736248441412517,3.9795740370190944,2.7003348232399715,0.039398573165681024,0.02567580281083597,0.07637220552794688,0.012048388467480972,0.117791154488494,0.018580557435299128,0.10945573593820432,0.20418225576608218,0.25281923477306667,0.1528345841614116,0.3126824504390522,0.039174802556052546,0.34547099072916665,-0.08703239690280429,0.013320429970000344,0.008680840593567385,0.025821001463972808,0.004073490533719076,0.0398245088179034,0.00628197912344862,0.03700635196225128,0.1412887349630843,-0.2912146526688866,0.10850019467296983,-0.1650074532100298,0.04863697900698447,-0.05134767160467065,0.014727427348085194,0.03933069971586702,0.01392936393788253,0.041993158456740884,0.015899397724335684,0.029054396761732455
DP00029,RSPDKQAAALPRRERNRQAAAASPENSRGKGRRGQR,36,0.1756206722058824,4.785584023122952,5.069076650875611,4.3005219921044535,5.21199226598767,3.5067629593797824,5.340561239733845,2.9149572987890617,0.031274423887703184,0.017285123849123812,0.05573058283144707,0.016961449629753583,0.20747592511739185,0.009233479818734014,0.2574157588178808,0.5746407748835789,0.6679207275249539,0.4150367539952078,0.7149454488203411,0.1538595742985962,0.7572495746004901,-0.0408671966598495,0.010290485513706175,0.005687469006965895,0.018337500232031484,0.0055809677688439955,0.06826754057978927,0.003038169165224511,0.08469966214650627,0.18260879971691124,-0.6155079715434284,0.1403046739367623,-0.42078120058498253,0.09327995264137498,-0.15960402088837106,0.01072961154862177,0.08532248742178175,0.011706463742081643,0.06903876584152538,0.011757610123362412,0.021027553515983535
DP00048,LEAQEEEEVGFPVTPQVPLR,20,0.7766379880873595,1.8089306834840349,2.045878763817251,1.5485073718726634,2.278010922704424,1.3392467643437642,2.4221398960586105,1.141613389709166,0.04469011190907855,0.02652689956679378,0.03640443108340927,0.025210333899416584,0.054426508928832835,0.01870148135225764,0.049348013446865936,-0.21309389848804583,-0.11001869949997023,-0.32638109890649447,-0.009038482926032598,-0.41741192190819987,0.05365931393958401,-0.5033847619856486,0.019440723771003653,0.011539512991786273,0.015836355258473354,0.010966791457368551,0.023676170873283442,0.008135364122996508,0.021466965668381008,0.2667532124276299,-0.2902908634976029,0.20405541556201323,-0.20431802342015404,0.10307519898807553,-0.11328720041844864,0.02107429453514886,0.02896156687314958,0.022320668798445048,0.030634993193428026,0.022607567335475764,0.02507452668771722
DP00055,LLPAGGENGSEATDVSDEVEAAEMEDEAVRSQVQHKPK,38,0.38434706967838395,2.188771327918129,3.108143982642463,1.8414135087292107,3.2964662773747526,1.455512120220278,3.3859470319684064,1.3661388415460076,0.5553111675210468,0.07025501103505548,0.5513255591391998,0.029915502763213062,0.17319978473123182,0.11963601219829535,0.23141822463285025,-0.2980706245065423,-0.003231842060396839,-0.40946675528826226,0.05716229278906848,-0.5332236398851466,0.08585837875723956,-0.5618852587968414,0.17808585851375486,0.022530474240097072,0.17680769136730728,0.009593770671387562,0.05554441214634841,0.03836674496679914,0.07421481075816493,0.38392900326378193,-0.2638146342902991,0.3552329172956108,-0.2351530153786044,0.2948387824461454,-0.11139613078172002,0.1821718422861462,0.19293110464217883,0.17834408719740696,0.18654692364996142,0.17950541850335547,0.25094926325697414
DP00060,DKFYTPKTRPSGHDIGKSFSKDNGGSIPPNLLQISNSE,38,0.17864830756059247,2.8152214941254683,3.2779090239895243,2.206141775003501,3.786927909467901,1.7904837567284704,4.049591375823532,1.8324743720910381,0.16778525785130727,0.15808875025052002,0.1277876163509261,0.06725095935677843,0.37203199399779696,0.09591382665633293,0.3638689577528112,-0.09717080078583507,0.051211062930828,-0.2924999982290706,0.21445118940765728,-0.42579970362321673,0.29868621229573633,-0.41233349724428536,0.053807997097896104,0.05069836959233023,0.04098092870501923,0.021567088028121822,0.11930903054127881,0.030759143994317624,0.11669118058112635,0.3958570130815713,-0.3151626964584503,0.31162199019349224,-0.32862890283738166,0.14838186371666304,-0.19532919744323554,0.06197923435272786,0.12849954154433485,0.057969300821210115,0.1308814170170349,0.07392986697544984,0.06763680262411186
DP00067,MFGRDPFDSLFERMFKEFFATPMTGTTMIQSS,32,0.10076792850826344,1.4004266842405948,1.455253323711685,1.25747429582187,1.644465775762008,1.1180988143445385,1.887666772953725,1.198418169094552,0.0853638866201149,0.1284067522352566,0.16320105039612304,0.10324024107968824,0.05546438020345599,0.1214668096715076,0.16819910754674694,-0.5126910666457596,-0.4936129445985905,-0.5624344603590443,-0.4277723552813547,-0.6109331914806113,-0.3431452770730803,-0.5829843245164301,0.029704221580423573,0.04468192313914441,0.05678935619107578,0.03592468804395776,0.01930003781008838,0.042267019134288125,0.058528538917542325,0.16954578957267935,-0.07029325787067042,0.08491871136440494,-0.09824212483485169,0.01907812204716911,-0.04974339371328474,0.05166083319302139,0.06563482800709672,0.04661463279652199,0.035423611323095544,0.053654590065634736,0.06408878026843527
DP00070,EEGAPQEGILEDMPVDPDNEAYEMPSEEGYQDYEPEA,37,0.05585116245409942,4.515933240571387,5.2586359438182875,4.413904145883317,5.626101688723932,3.721543934203538,5.839959550377324,3.075297073262253,0.9037941866198356,0.4966627396050114,0.5722293133508524,0.16093325812192524,0.678324533520449,0.02268626597044241,0.6845688762245984,0.4667021527785884,0.7079199909742824,0.43356475130404637,0.8272669277897842,0.2086973409876609,0.8967245059615923,-0.0011931980604892312,0.29353774924634674,0.16130803326300108,0.185850835489436,0.052268522045563814,0.22030884882414525,0.007368132646076375,0.22233691044484905,0.430022353183004,-0.4678953508390775,0.36056477501119577,-0.25800481179092744,0.24121783819569415,-0.03313740147454203,0.29363020895558634,0.3682364892005842,0.298155007721552,0.3670155297842739,0.334939833145878,0.34742616954503086
DP00080,DSQKRREILSRRPSYRKILNDLSSD,25,0.22017007055967386,2.901137701788552,3.211401222331117,2.39563325772989,3.57510494998737,2.244327636567459,3.7238258491397818,2.008336871568981,0.12534381393497296,0.055020747212642884,0.16202536931162495,0.02270944264395448,0.09784772091309347,0.02592459961732841,0.12769110267583775,0.1351077115136048,0.2565023335448531,-0.06267745128705637,0.39880612895392265,-0.12187773580679806,0.4569951075008789,-0.2142121799907547,0.04904239109381102,0.021527580168224494,0.06339452486280843,0.008885363646626185,0.038284188473373795,0.01014333546642417,0.04996079822397311,0.321887395987274,-0.3493198915043595,0.2636984174403179,-0.25698544732040285,0.12139462203124818,-0.19778516280066122,0.050080369193754276,0.07000883860895615,0.049840804681817695,0.062216036608443014,0.053559246000085235,0.0801499962993109
DP00083,STDSTPMFEYENLEDNSKEWTSLFDNDIPVTTDD,34,0.13177840437997998,3.3222407868792936,3.8778085408992036,2.1698453687984136,4.511476906180191,2.1119117277509534,4.714095205865454,1.6405679372519952,0.466664690147805,0.4857573421924116,0.3813380042544885,0.048637093699568,0.27999035887312673,0.022612330590480186,0.5142324378052671,0.12323041646727928,0.31106466442067626,-0.26638781665358235,0.5253042778309021,-0.2859748459917929,0.593808354368097,-0.4453334584657317,0.15777663567777317,0.16423175103010526,0.12892817613497462,0.016443920388817,0.09466312274713264,0.007645098334458461,0.1738590163476854,0.47057793790081764,-0.568563874933011,0.40207386136362283,-0.4092052624590722,0.18783424795339712,-0.3896182331208616,0.15796174946593972,0.23477739314333806,0.15863123678377636,0.18399612380165914,0.2277400597440232,0.20375461066510323
DP00100,IDLAAAPMGVEIMAPPGMEEMTSQLQSMFQNLGGQ,35,0.3123049893914228,1.6417967952851735,1.5927082417586016,1.4885051120934742,1.7558188835999795,1.5396226013654044,1.8115939391351168,1.32077965955862,0.0916390882917338,0.06160833134311865,0.12893017120506053,0.09376146354822996,0.039209631454283626,0.05471848433048429,0.2904774466653362,-0.4525085796426861,-0.46887818273286674,-0.5036268919701317,-0.414485533634281,-0.48658069789364267,-0.39588617684229965,-0.5595584460467922,0.03055896731749682,0.02054458440274229,0.04299445751306231,0.03126671765971166,0.013075270263798898,0.018247021063707645,0.09686576945044363,0.05662240280038638,-0.1070498664041061,0.03802304600840511,-0.0340721182509566,-0.016369603090180672,-0.05111831232744564,0.035592193824084926,0.10157178631262886,0.04372022548802743,0.03323873005972434,0.03682296066034398,0.05274821191618118
DP00103,MSSKEQKTPEGQAPEEIIMDQHEEIEAVEPEA,32,0.2323173686230831,3.142395082099649,3.685505317081853,2.609840301228805,3.889008338223998,1.991059329149491,4.072615983599338,1.4303324968403353,0.2590809206708451,0.04629830070998032,0.2863684616296441,0.029803354453157332,0.5163999139220977,0.04001090621567202,0.4764035577121666,0.093464736760549,0.28245175927395283,-0.09184928584364072,0.35326506302138894,-0.3071675876706189,0.41715533791432935,-0.50228468850182,0.0901528430765418,0.01611050102728425,0.09964813663823456,0.010370725602691606,0.17969258517382397,0.013922665320440265,0.16577498284444042,0.32369060115378023,-0.595749425262369,0.25980032626084,-0.4006323244311679,0.18898702251340374,-0.18531402260418975,0.09122157488450065,0.18870315326421572,0.09074738048180726,0.20103969827184767,0.09158102073101007,0.1343774023050596
DP00107,SDNVQVAPQEVEVSSYLVGQIDSEVDTDDLSNFQL,35,0.27889799467706666,1.4624961301999146,1.8141206128712335,1.3930564531444958,2.154263511415725,1.4339173472910534,2.2142941707488157,1.197509987007997,0.180419914951332,0.19545131528940834,0.25562976511433977,0.1502322954876824,0.3018343538817105,0.2810804872402146,0.1131265003131974,-0.5123001300223957,-0.3950436047307335,-0.5354562401630669,-0.28161585338941664,-0.521830321877922,-0.26159737665853044,-0.6006652920983457,0.06016478761629763,0.06517732189866805,0.08524508245476675,0.05009809562078252,0.10065296728187743,0.09373215713162665,0.037724393490344565,0.2507027533638653,-0.08836516207594992,0.2306842766329791,-0.009530191855526211,0.1172565252916623,-0.023156110140671184,0.11138006531449939,0.07101360104324066,0.07829189519831072,0.11726389679505321,0.0887010989717534,0.10433851518798885
DP00133,MAEEQARHVKNGLECIRALKAEPIGSLAIEEAMAAWSEISDNPGQERATC,50,0.1997525933908233,2.590874893532268,2.782877451582084,1.990191304680492,3.708983346316567,1.2585512396629368,4.433552908123604,1.3102445278391242,0.3390339574132838,0.2815429058037705,0.3447038288159891,0.3291346044534942,0.5718453375744909,0.22072192022624865,0.6475542209165279,-0.27066689701457336,-0.21661804201459423,-0.4397597493415365,0.044081418073551815,-0.6457169417246147,0.2480482588348405,-0.6311652447811711,0.09543829723115098,0.0792545258074771,0.09703437001489919,0.09265162241727448,0.16097486432945662,0.06213337563205917,0.18228696818643966,0.5187151558494139,-0.36049834776659767,0.3147483150881252,-0.3750500447100414,0.05404885499997913,-0.1690928523269631,0.1138816269018672,0.2057595862869713,0.1330142538036233,0.18713998911047441,0.1240554248686835,0.1361034075347487
DP00179,NTDQQKVSEIFQSSKEKLQGDAKVVSDAFKK,31,0.03728709022387681,2.0665805350326205,2.6373229187505927,1.7612146298151796,3.3621597330928368,1.431084175124196,3.659388744704344,1.34291419262971,0.2867065126464379,0.1344711206385978,0.03892955440149575,0.038705901165779724,0.20214539239201956,0.03271953549436878,0.14429128554198492,-0.2699614981558529,-0.06834152366894108,-0.3778348010250796,0.18771371978932727,-0.4944564078147363,0.29271259046632037,-0.5256032616811807,0.10128170154184758,0.047503154988709856,0.013752221648734138,0.013673214094773919,0.07140971131533366,0.011558475592129941,0.050972218183877344,0.5626740886221733,-0.25564176352532775,0.45767521794518023,-0.2244949096588834,0.2016199744869119,-0.10787330286922667,0.10193910645687332,0.11338496414338493,0.10220048850613882,0.12392469462278767,0.11186837265775022,0.10221108876970149
DP00246,MAQWDDFPDQQEDTDSCTESVKFDARSVTALLPPHPKNGPTLQERMKSYK,50,0.285570035949717,1.5402787929283717,1.7493371303124088,1.3130511434386885,2.24228027133005,1.211087749665337,2.462429697181497,1.3441116815549987,0.2541698560533553,0.1911874945718831,0.2778619983567341,0.22988797223108304,0.2430699959215252,0.07484686652524457,0.3773614766640852,-0.5664104375269382,-0.5075603686602783,-0.6303751805178492,-0.36879652810152874,-0.6590779475087546,-0.3068243100382344,-0.6216316172136863,0.07154899306929584,0.05381941405824359,0.0782183477747782,0.06471362571186813,0.06842437464296384,0.021069445517367204,0.1062275208307553,0.25958612748870374,-0.055221179686748154,0.19761390942540946,-0.09266750998181639,0.05885006886665986,-0.06396474299091105,0.07458672766410555,0.12807632330403107,0.0964733733317432,0.09900077501974829,0.08953093174318477,0.10600645422730776
DP00284,TNVLNQGGEVGYDSSSNVIQDSNLDTAINPDDRPLSEIPTDDNPNMSMAEM,51,0.12552802496065446,1.8672741399098718,3.2081589243294935,1.6913163415672523,4.38549869192048,1.2335045561960765,4.7517766039435365,1.259166842237115,0.38115300758177856,0.7384832762934428,0.3694195219193821,0.3409228651473263,0.1941071767003269,0.4355316597738537,0.2345638631155023,-0.47928212732700415,-0.1053559546674957,-0.5283506430178042,0.22296319574010792,-0.656018441691764,0.3251053778007231,-0.6488621218404858,0.10629032932490445,0.20593732458302372,0.10301826789451529,0.09507154053644581,0.05412974665135894,0.1214546458454818,0.06541171068398109,0.8043875051277273,-0.1695799945134816,0.7022453230671122,-0.17673631436475984,0.3739261726595085,-0.049068515690800105,0.161396608097717,0.12480515214766372,0.1426051609443701,0.11927977020659014,0.23174946766801927,0.1480216120300774
DP00303,HHEAELKPLAQSHATKHKIP,20,0.36507702017404114,1.8920120558344893,2.1319953445589968,1.657355699052768,2.411064674273133,1.4916290190198591,2.5967512352743323,1.4010643252464277,0.039805992052519085,0.02863908539892952,0.04570452030778256,0.027704639973763472,0.058695075780338335,0.033627556036689994,0.06593255659653495,-0.1769525253434202,-0.07255697504267444,-0.2790307976597801,0.04884146233357067,-0.35112385069486973,0.1296172981103123,-0.3905205565844594,0.01731607424698763,0.012458338646085804,0.019882003343324094,0.012051843906786644,0.025533047607604695,0.014628381986003306,0.028681436800092566,0.30656982345373257,-0.2135680312410392,0.22579398767699096,-0.17417132535144955,0.10439555030074572,-0.10207827231635998,0.022667950654075772,0.03350330199017542,0.021097236048372273,0.030850979683948385,0.021332056374099125,0.026365516954369367
DP00356,TDFIDEEVLMSLVIEMGLDRIKELPELWLGQNEFDFMTDFVCKQQPSRVS,50,0.231787619474843,1.7930138184103583,2.292723237661024,1.6816365087013077,2.7182657679241333,1.4857300369666049,3.5065375679624933,1.2152002327450844,0.1578506992250564,0.3106961582297575,0.3985246366476015,0.4375821754853833,0.4718496754295056,0.3901583858811207,0.3723051627877448,-0.4952653502716541,-0.3545967976360406,-0.5266181412130663,-0.23480627636315454,-0.5817659506583925,-0.012907210779915301,-0.6579202806322046,0.04443508274429764,0.087461186849676,0.11218496523622856,0.12317968986250988,0.13282601517454617,0.10982985976698964,0.10480416492178975,0.4823581394917388,-0.16265493036055056,0.26045907390849954,-0.0865006003867385,0.14066855263561348,-0.03135279094141221,0.11847816117297393,0.11383492242473874,0.13094927480943414,0.1400615110786734,0.09810166045305511,0.12066458885500082
DP00398,KKVPVLPMVAGGSGLDEFINFDPEVERQQTELRHKRTGGKH,41,0.2810981104814139,3.2963426735912047,3.364577536874584,2.761004051582089,3.552205985084176,2.478079495530044,3.665947906385575,1.921944368591266,0.214074308830691,0.17296221239307472,0.24451601022533584,0.07731934366916743,0.6219335897991893,0.021406988595704158,0.3585167760383865,0.019647963291289372,0.040754852429292,-0.14594675475059304,0.09879340728135388,-0.23346297375742087,0.1339768605445606,-0.4054906133717455,0.06621897496912803,0.05350189135549363,0.07563541673498207,0.023916964679341148,0.19238088419075206,0.006621760685465842,0.11089893760803676,0.11432889725327135,-0.42513857666303484,0.07914544399006468,-0.2531109370487101,0.021106889138002807,-0.16559471804188233,0.06654923260667688,0.1291647281906064,0.07040577991496762,0.20345849023321086,0.08513169224546782,0.10052695613931822
DP00399,VEGGAHDVIVKDRINDYHPK,20,0.07931072505957336,2.0912527863095915,2.3031734242417983,1.791468902865691,2.4585324937797015,1.6093431164590375,2.593308695083218,1.4199038977452687,0.04854832145414013,0.01698754303820212,0.06841543021881195,0.009708077512022016,0.05107489805855656,0.012066071363621509,0.015204555951205284,-0.09028046658957767,0.0019075008918367775,-0.2206899782258127,0.06949052154641189,-0.29991683521628043,0.1281197526787372,-0.3823251211901846,0.02111909025549112,0.007389780818307485,0.02976151599853362,0.004223127783673608,0.02221818076465501,0.005248882814583663,0.00661416048609412,0.2184002192683148,-0.29204465460060686,0.15977098813598956,-0.2096363686267027,0.09218796748141453,-0.13040951163623507,0.0217615887292452,0.022130591771468488,0.021537195302471862,0.03065393171699947,0.02237464712039511,0.03649333922444688
DP00438,NFGPKGFGYGQGAGALVHAQ,20,0.9528023598820058,1.3721290225333402,1.4254769668823906,1.3322731037672078,1.493997236485992,1.2617483347547906,1.5444733755418232,1.2166021148360202,0.04386181958832844,0.03678022408217832,0.0229555886296975,0.02254643981968664,0.040368637311698236,0.04567782348824895,0.040452058689715006,-0.40310775324263626,-0.3799007706342513,-0.4204455461966642,-0.35009364827151446,-0.4511246493542851,-0.32813593470821856,-0.47076378546858744,0.019080406879381024,0.01599982962835208,0.009985950772705122,0.009807966233019058,0.017560831545582457,0.01987038991315025,0.017597120825186857,0.07497181853441776,-0.06765603222595112,0.053014104971121884,-0.04801689611164875,0.02320698260838494,-0.01733779295402794,0.027548036626651888,0.02595612813997796,0.02145362739283902,0.025931539315186335,0.024900933211810028,0.02153557845792912
DP00449,EENRTEAPEETEPERETPSAINGNPSWHLADSPAVNGATGHSSSLDAREV,50,0.1654509518529701,4.9494041215223925,5.5714171854427885,4.719688709065318,5.803035995823996,4.4989530638796955,6.115383709379605,3.99058253303596,0.24885240450083115,0.047760357412369565,0.11761926727051325,0.02499566521862495,0.03939562712533514,0.022413406042679176,0.3467235678369288,0.39326073786504434,0.5683578524107973,0.3285956878508074,0.6335587102780842,0.2664584486330406,0.7214848111124386,0.12335178699832205,0.07005212672099842,0.01344457416998884,0.033109906380822035,0.007036297322033388,0.011089896716782427,0.00630938954960232,0.09760292796844608,0.3282240732473942,-0.2699089508667224,0.24029797241303974,-0.1268022892320037,0.1750971145457529,-0.06466505001423704,0.07033568692081887,0.1201400516320369,0.07040461588659423,0.07092451104747724,0.07133061777909365,0.07748268425062223
DP00549,RPQGSARPQPDPNAEFDPDLPGGGLHRCLACARYFIDSTNLK,42,0.3048135219548042,2.9857508276499183,3.25821882305169,2.357322489749328,3.534450243806312,2.0350659502557296,3.815433899604446,1.8301697151601024,0.12686585406937198,0.10624508025310066,0.5786210732779771,0.04212145223761893,0.16697624373300493,0.07930144444151126,0.4811738473554667,-0.0869377580259253,-0.0036152528644551873,-0.2791152772649259,0.08085813252397611,-0.3776634466955372,0.1667847826467026,-0.44032206309981137,0.038796412638931195,0.032490444372066635,0.17694613010840995,0.012881017149564248,0.05106243362553731,0.024250903318191627,0.1471461274588272,0.2537225406726279,-0.35338430507388613,0.16779589054990127,-0.29072568866961196,0.08332250516147004,-0.19217751923900064,0.045752245249807116,0.1521747168874634,0.04087887273956547,0.0641290399227419,0.05060425485218192,0.18114937094561648
DP00557,DDKYRELRSQLSNKSLAPEVHQQISKQLADRER,33,0.059122842527378046,2.4762136603016947,3.0188148008491744,2.398098280556665,3.573390532059808,2.3245945953334046,4.1183476207919005,2.322603433816113,0.2740139912700446,0.2815669880288164,0.3491574019936193,0.2810627649325293,0.29389326766810336,0.10657382110583136,0.2442850621756945,-0.15085036173956112,0.035219834706838204,-0.17763789123125573,0.22539638897403047,-0.20284396642532287,0.41227449330850785,-0.20352678071927222,0.09396559161898352,0.0965556849410242,0.1197339657526618,0.09638277544348005,0.10078264486156768,0.0365465723297171,0.0837708698180942,0.563124855048069,-0.05267641897971104,0.3762467507135916,-0.05199360468576175,0.18607019644639938,-0.0267875294916946,0.10082253893528387,0.1258852296275686,0.13460747308561247,0.13779214024609118,0.13473133526665546,0.152203005762584
DP00575,MKLAPYILELLTSVNRTNGT,20,0.462052505966587,1.760991099632212,1.7920305122158358,1.6780554813199808,1.829490117918168,1.5484550664989012,1.9343984744421077,1.4658705095542328,0.1102833222456632,0.06259347058304557,0.1218364818023272,0.08325704142370104,0.1673804479224714,0.03003079230779622,0.1981107321085201,-0.23394818073411083,-0.22044567155981942,-0.2700261491595589,-0.20415030294424397,-0.3264038523586478,-0.15851393522600665,-0.3623291049643784,0.04797454096083794,0.027228895151328383,0.05300030111289093,0.03621779125552772,0.07281246149814623,0.013063747503430343,0.08618049618736016,0.0754342455081041,-0.12838092423026765,0.02979787778986689,-0.09245567162453697,0.013502509174291437,-0.03607796842544811,0.049721404638611126,0.09863384055942827,0.06011060625074495,0.08719639401845782,0.05516311549908283,0.07148838016391353
DP00611,RTSIPNAASEEGDEDDWASN,20,0.7913172695307363,1.7055314488028748,2.001245701283259,1.077997298508925,2.112864048157243,0.9717205822924828,2.76534706697123,1.0152109885266776,0.24769561796759615,0.10198705245543252,0.2867823088676658,0.7197397008014157,0.21859730920460585,0.07837747875997637,0.2274264616061484,-0.2580737804731088,-0.12943460612250435,-0.5310585091208315,-0.08087931376235291,-0.5772901293829746,0.20295846583059696,-0.5583712916765968,0.10775050413820662,0.04436556612430743,0.12475367393238412,0.31309522649601346,0.0950923979330675,0.03409512416393999,0.09893318296667163,0.46103224630370576,-0.300297511203488,0.17719446671075592,-0.3192163489098657,0.12863917435060446,-0.27298472864772266,0.11301614324419397,0.14628036721978313,0.3311174897172115,0.14371059559649227,0.1165267119572503,0.1648443214116437
DP00622,MSATAATVPPAAPAGEGGPPAPPPNLTSNRRLQQT,35,0.9842398485601019,1.8229107198156516,2.1572997219658614,1.7142858741903269,2.479499331413212,1.5686053483891762,2.986191413982023,1.3703347464813485,0.3879420652026158,0.3906419048865337,0.18446236345015912,0.17211233227988526,0.17287671051959594,0.050964857566623216,0.1467466936723451,-0.392112360042041,-0.2806033655886294,-0.42833558278695627,-0.1731591786335308,-0.4769157957696588,-0.004192124509625805,-0.5430332676549424,0.12936738145918825,0.13026769937156943,0.0615128264702532,0.05739445072102055,0.05764934860445608,0.016995295847566892,0.048935748919802645,0.38792023553241517,-0.1509209076129015,0.2189531814085101,-0.0848034357276179,0.11150899445341156,-0.03622322274491532,0.13047896177757334,0.13831350949183918,0.14152753215955818,0.14163109397348175,0.18359083006830354,0.14324715426830162
DP00628,GIHKQKEKSRLQGGVLVNEILNHMKRATQIPSYKKLIMY,39,0.18718861199947062,1.3803395292620573,1.9962273237268842,1.2302881410249642,2.498637600669904,1.0839808771163226,3.117963671148888,1.1778785152169209,0.2600273829099199,0.1166004677468574,0.17537049096434815,0.0936255009675736,0.3010150192679976,0.09736982028528222,0.41320908817808255,-0.5627594095138848,-0.3676688993776158,-0.6102901482960472,-0.20852387635976555,-0.6566348867518256,-0.012344247348890391,-0.6268915823995218,0.08236707276424572,0.03693472242720519,0.05555089555689599,0.029657101357885098,0.09535044239462721,0.030843163449665322,0.13088938038730438,0.5504151621649943,-0.06413217288563704,0.3542355331541192,-0.09387547723794085,0.19509051013626896,-0.047530738782162435,0.08795246106467584,0.15464916609514262,0.08754357964295509,0.12600016484354962,0.09026908882073223,0.09934906478132402
DP00718,DMNSLMMGEDKIKFKHITPL,20,0.31651242651766487,1.6415440341857797,1.7566572728136505,1.5875293550872265,1.86774784571458,1.4288451517593572,2.0747447260579954,1.4474290634035454,0.03615762142660759,0.018957312585574097,0.0877436118926713,0.02375416759424434,0.06234937292654327,0.0303494852705758,0.08354232571323494,-0.2859090576575216,-0.23583344632087944,-0.3094060777158012,-0.1875077418401353,-0.37843557063797484,-0.09746166676198476,-0.3703513507193845,0.015728990157852004,0.008246653715401625,0.03816950212489958,0.010333342005259531,0.02712270980270216,0.013202382686751555,0.036341893273448805,0.1884473908955369,-0.08444229306186292,0.09840131581738637,-0.09252651298045317,0.050075611336642234,-0.02349702005827956,0.020535433766863617,0.03959967598459044,0.01881964634055237,0.0313535088694615,0.017759741802389827,0.04128331410931684
DP00719,MEAENAGSYSLQQAQAFYTFPFQQLMAEAPNMAVVNEQQMPEEVPAPAPA,50,0.2404694741226755,2.387754541394966,2.519694945183184,2.4309882792181203,2.6535275165470584,1.977866239854268,3.0784842212168235,1.749900083457785,0.24545228994793025,0.08515139252265302,0.21124744375362275,0.2612094649354588,0.31057682347529,0.2522113307848589,0.3705604674172579,-0.3278454188620028,-0.2907041024888227,-0.3156750912869686,-0.25303013961358,-0.44322926375022,-0.1334045286568457,-0.5074018969543007,0.06909499208529539,0.02397017682602478,0.05946630384785509,0.07353064791592898,0.08742759403244385,0.07099766683007307,0.10431303194910241,0.19444089020515704,-0.17955647809229797,0.07481527924842281,-0.11538384488821721,0.0371413163731801,0.012170327575034225,0.09906960495823677,0.12512124745894077,0.10090031771111202,0.11143474381703782,0.07313472026567086,0.09116117169383278
DP00720,KKKKEKKSEKKEKKEKKHKEKERTKKPSKKKKDSGK,36,0.09336722190757202,6.881433476384197,6.985818883870329,6.724099035067217,7.054404241991894,6.219843624928168,7.125548270306418,5.348933122094189,0.029253669977244264,0.01959526534634316,0.0640836248823662,0.02610828408075677,0.24830634221408784,0.019013048860437552,0.34895802200632475,1.264255666436351,1.2986024709509727,1.2124865980438222,1.3211696855137904,1.0465672189410746,1.3445788007507677,0.7600042451408942,0.009625579937283428,0.006447594203743519,0.021085971587699183,0.008590627283349908,0.08170231453952113,0.006256022639209974,0.11482057937315267,0.08032313431441665,-0.5042514212954567,0.056914019077439496,-0.21768844749527635,0.034346804514621625,-0.0517690683925286,0.011479965522219176,0.11522333633737346,0.012901576114974056,0.08226736892744219,0.011585476258884666,0.02317908511840557
DP00764,DRRIPGTAEENLQKSSGGVP,20,0.32201268843489905,2.349624577877777,2.5369600624782698,2.219683499966349,2.69349607421032,2.0873197033362727,2.87568089039198,1.9623244908420103,0.023168765727139974,0.025509266618654776,0.00728994568609022,0.01679982618536222,0.011019069998530171,0.04008475191141513,0.027103477009156444,0.0221142985055629,0.10360743542217565,-0.0344115971404797,0.17170243975979438,-0.09199140389508931,0.2509549753959657,-0.14636578997276695,0.010078685314836388,0.011096830702574471,0.0031712120273323743,0.007308121781725808,0.004793424918930698,0.01743733806092185,0.011790330953763388,0.22884067689040294,-0.16848008847832982,0.14958814125423153,-0.1141057024006521,0.0814931369166128,-0.05652589564604254,0.020140522742132898,0.015511021941663605,0.012449439411155583,0.011160502682627,0.014990648729027643,0.010565816740687687
DP00768,HSSRPSQNIAAGLESPDQQAGAQILGQCGTGGSDEPSEPSRAEDPGPGPW,50,0.2857081223338565,3.1274110426219512,3.681529571483245,2.653511881632,3.8355393137848166,2.0829108950911444,4.133005287601552,1.6933004900702606,0.1904989352750051,0.06962136822797414,0.15114076966962472,0.024883858968200227,0.12743702016463032,0.06937784156634152,0.2355089468192416,-0.11963159405328949,0.03635316116781162,-0.2530345408531547,0.0797070118393326,-0.4136591194923104,0.16344389248066693,-0.5233347222621092,0.05362558413236213,0.019598464075033878,0.04254623285976899,0.007004823783979122,0.035873610718876126,0.019529911148672367,0.0662959340079645,0.28307548653395653,-0.4037031282088197,0.19933860589262217,-0.29402752543902083,0.15598475522110103,-0.1334029467998652,0.05707118978094014,0.08526930361815695,0.054081150411041085,0.06451836342892242,0.05709468510848836,0.06845352587043807
DP00778,MDFTAKIKELERELSETSDYKTLQKKTISL,30,0.17879605753251962,3.2963426735912047,3.364577536874584,2.761004051582089,3.552205985084176,2.478079495530044,3.665947906385575,1.921944368591266,0.214074308830691,0.17296221239307472,0.24451601022533584,0.07731934366916743,0.6219335897991893,0.021406988595704158,0.3585167760383865,0.18274192605739614,0.207224888423722,-0.00933987355664967,0.2745467824720753,-0.11085442088657582,0.31535787294251016,-0.3103980958975061,0.07681078256041084,0.0620595855703512,0.08773339592473713,0.027742512993388452,0.22315244642860435,0.0076809195614326396,0.1286373609190231,0.13261594688511402,-0.4931400219549023,0.09180485641467917,-0.29359634694397196,0.02448296236632579,-0.1920817996140458,0.07719386531876682,0.14982478747441536,0.08166727217638067,0.23600192936629533,0.09874861254066537,0.11660636808523535
DP00809,AAPEKKESKPRKPKAAQVSEEASTPQGFNTLKDKLEEWIEMSNRKDLIKK,50,0.17648078712797977,4.6343173463475,4.9579138538199725,4.152993290855695,5.2590009735822685,3.7850829184342714,5.436224100562079,3.5906124794547045,0.04278072654047575,0.059497971226731484,0.1880513091204837,0.015782022068962155,0.4210836064661069,0.011315622735462024,0.2577555981688845,0.3045635892602834,0.3956562334861038,0.16907052944110768,0.48041246925548076,0.06550350109539926,0.5303009040246123,0.010759935879659954,0.012042804580655674,0.016748720706065715,0.05293657565006077,0.004442650301515724,0.1185353310910051,0.0031853557508581313,0.07255838199430835,0.2257373147643288,-0.29380365338062353,0.1758488799951972,-0.23906008816488414,0.09109264422582032,-0.13549305981917578,0.012456951209159737,0.07355098870715356,0.012836131966812239,0.1191455154801139,0.020628833885066204,0.054289135043049525
DP00858,VGAANNQNPAAEDKGATTPASKEEAKKSEAAAKNAGKAAGKALPKTSAVK,50,0.11145917535796432,3.4166475347951053,4.218020496805864,1.7840768563491958,4.480278243657733,1.487087250028338,4.682283380520131,1.2195118461006451,0.3331614195228081,0.07614889643411632,0.6684675459060574,0.04927726532034782,0.22699621880586965,0.00976917182162864,0.1192673329512192,-0.03821131827699831,0.18737573360689064,-0.4977811113713513,0.2612014736188555,-0.5813838942278805,0.3180660615828028,-0.656706558443096,0.09378517368869353,0.021435967851574787,0.1881740838655612,0.01387158481192709,0.06389959509080474,0.002750028732013521,0.03357383802794003,0.3562773798598011,-0.6184952401660977,0.29941279189585385,-0.5431725759508822,0.225587051883889,-0.45956979309435303,0.09382548407466552,0.09961356034067231,0.09480548332777435,0.11348487589360624,0.09620373964432029,0.2102501953446457
DP00872,SGVNKSDKKVTPTEEKEQEAVSKSTSPAANSADTPNETGKRPLEEEKPPK,50,0.11273430744843499,5.239981820247003,5.516729214891791,4.468338503618326,5.72495559556138,3.685456827872567,5.823463383176117,3.3742799465784006,0.0344263235818164,0.026006718426634632,0.12169101767307135,0.00917994084030383,0.1805696589466192,0.027242151711033138,0.12116486191998632,0.4750585642279579,0.5529631502746566,0.25784042840840615,0.611579022741632,0.037458686600858826,0.6393090341708352,-0.050137824129224295,0.009691034277643253,0.007320909510496006,0.03425610698012275,0.002584159796752475,0.05083048586920037,0.00766868484812082,0.034107993765930475,0.16425046994287726,-0.5251963883571822,0.13652045851367411,-0.43759987762709923,0.07790458604669868,-0.21721813581955185,0.012358190509546872,0.03545802284543244,0.01002965738326132,0.0517460572321161,0.012145446119073904,0.03560051981086893
DP00893,IRAPTTMKKFEDSEKAKKPVRSMIETRGEKPKEKAKNSKKKGAKKEG,47,0.17045314536736575,6.061412284121982,6.326393128052354,5.544605539894531,6.424501319836294,4.696995175612824,6.521643092261892,3.952807404209461,0.032048550510009974,0.02666958775588122,0.1376396738565293,0.022564167627588408,0.2622450887274672,0.032332146199598906,0.2366370091296577,0.757185365075741,0.8340025223906415,0.6073646294185122,0.8624437949383568,0.36164490972482377,0.8906049053929159,0.14590709162526805,0.009290779324745714,0.007731434045494233,0.03990133144185645,0.006541284979768955,0.07602407003100682,0.009372992870366035,0.06860036403845468,0.13341954031717496,-0.6112782734504728,0.10525842986261588,-0.3955404553509171,0.07681715731490057,-0.14982073565722878,0.013197407920082447,0.06922664607410667,0.011362525672035833,0.07658967165708801,0.012086920735280336,0.04096870551157315
DP00897,KKILSMIPGFGGAMPKELSH,20,0.14011976047904195,1.726085782993458,1.823393270378928,1.5790246361970155,2.0765447955451584,1.3736719552781052,2.1883323053511297,1.233829730081549,0.035360854991500275,0.032299565913004744,0.028156572801210037,0.021170042027619518,0.024624801997916917,0.009319388071105949,0.18485542954250286,-0.24913240359517697,-0.20680250325928073,-0.3131057303600149,-0.0966786153849879,-0.40243655936983425,-0.048049735161826757,-0.46326957041934247,0.015382387396900269,0.014050690678858889,0.01224843999675196,0.009209217021358202,0.010712078200455602,0.004054043309933007,0.08041428382675365,0.20108266843335026,-0.21413716682416548,0.15245378821018907,-0.15330415577465728,0.042329900335896245,-0.06397332676483791,0.015907643105976723,0.0818723084162039,0.017928399821924706,0.018744771575055066,0.020833620678635967,0.019663217549077502
DP00899,QANVDPIVPNDFKPMKGYGN,20,0.44720422366210705,1.6733192398083143,1.8954766072549745,1.4576908351245366,2.071918483172888,1.3163361746592441,2.2650929679413703,1.1729106767439033,0.04805574176070111,0.029082535872844286,0.04365387943090944,0.03280003399863922,0.046833001905927665,0.02261741203276538,0.17142089350495202,-0.27208646986603635,-0.1754454047684455,-0.36588735944912865,-0.09869111562420552,-0.4273782976110335,-0.014657945028651143,-0.4897700743952035,0.02090481230123502,0.0126512448126006,0.018989950467691877,0.0142684001764054,0.02037290609771489,0.009838839979602816,0.07457010280010996,0.2574285248373852,-0.2176836045291671,0.17339535424183083,-0.1552918277449972,0.09664106509759082,-0.09380088958309225,0.023104414069482434,0.07744489272359305,0.025310045850292583,0.029190177803778035,0.02443491707901258,0.028242333404222424
DP00912,QEDEDEEEEREKKPAEQAEETAPIEATATKEEEGSS,36,0.34203038776040146,5.3676276085380135,5.754956934872094,4.974789197330553,5.909075145332007,4.714462283168642,6.051972473713539,4.136905486635151,0.19512818127073087,0.02642026997525909,0.4907287400454939,0.028498218721838345,0.10565635860789303,0.033018276824006834,0.13436030151589007,0.7661554485212383,0.8936016593926595,0.636896537333199,0.9443124644207781,0.5512389933723558,0.991331168680128,0.36120064544271435,0.06420465904958848,0.008693282614088681,0.16146858559984498,0.009377007486261479,0.03476499620231108,0.01086428004445443,0.044209694839817626,0.22517572015888973,-0.40495480307852394,0.17815701589953986,-0.21491645514888252,0.12744621087142116,-0.12925891118803928,0.06511736192873784,0.07795341789494353,0.06488579592693079,0.07301262359770815,0.06479051941667331,0.17376519323296125
DP00929,KKRRQRRRAHQNSQTHQASLSKQPTSQPRGDPTGPKE,37,0.3955193892246639,3.507265563939299,3.732765888145992,3.0427357472351617,3.99565087327574,2.8876403089335985,4.131457210215075,2.49514164016928,0.05602266761697797,0.039531471835304886,0.15858769014329524,0.033208697973795914,0.2524350341393162,0.020108680300267825,0.3184308871113217,0.13910318841319058,0.21234205031549336,-0.0117685906620012,0.2977228460630814,-0.062141083151340815,0.34183055008323504,-0.18961830918015543,0.018195257285916908,0.012839183343642977,0.051506719463356054,0.010785648550238008,0.08198682050535035,0.006530974466355816,0.10342120725820952,0.20272736167004443,-0.32872149759334607,0.15861965764989067,-0.20124427156453148,0.07323886190230268,-0.1508717790751918,0.019331865279400846,0.10500958765011052,0.021151775394750286,0.08398158205390781,0.022269082078801353,0.05462608843380215
DP00949,ILFKDNEKSCQNKESNKDDTKEAKESKENKEVSSPDDLELELENLEINDD,50,0.13241125129720488,5.459222207840001,5.898292782574892,4.279480279218937,6.1229270533898035,3.6602342248303543,6.3266028499347815,2.0807480994675838,0.11405874130806505,0.031499365291236224,1.437881414837603,0.033116796533057616,0.7223359056253865,0.030516173159745138,1.1498722115103144,0.5367748873827707,0.6603735626798279,0.20467670554036155,0.7236082677515756,0.030358506122029505,0.7809431475900439,-0.41426794798001254,0.032107615820619745,0.008867093462242714,0.4047646285918681,0.00932240149328967,0.20333806497669477,0.008590324186396428,0.32368983548803204,0.24416826020727325,-0.9510428353627832,0.1868333803688048,-0.5064163812607413,0.12359867529705727,-0.3320981818424093,0.03323691717521195,0.3252783555540604,0.03343360828996177,0.20585739642323042,0.033309523265166355,0.4060360865154691
DP00958,KLPVAQYSAPDGVEKSFAPI,20,0.232421406287497,1.6289190262448858,1.834828770423793,1.462081577718156,1.9585751010430341,1.4257910821382722,2.1570329267107518,1.39265543592298,0.02323249422725961,0.02089791207756225,0.05073296919134332,0.0410169422512116,0.01921095868776641,0.02328603834328418,0.059497769566904425,-0.2914010844504952,-0.2018279263773114,-0.36397733483147277,-0.14799681858911973,-0.37976412680721694,-0.06166533262530116,-0.3941785222411728,0.010106407961172268,0.009090837295667571,0.022069437689892772,0.01784285181158891,0.008356992750093342,0.010129700280764441,0.025882228836084955,0.22973575182519398,-0.10277743779067769,0.1434042658613754,-0.08836304235672178,0.08957315807318372,-0.07257625038097765,0.014309098841498209,0.02778541436439474,0.020506263497964906,0.013114069151211567,0.013593483902736143,0.024273433251719993
DP00974,QNSARIRQNTREHPSTANTVDRTNHQLENLEAETAPLP,38,0.31563228787357683,1.9923468928134864,2.95327929049411,1.6373469474177276,3.41711539576522,1.4728954834693244,3.670313448877207,1.3910213819380317,0.11282018545261865,0.06760450901874981,0.10685189010890916,0.02590945644786387,0.3505904848173669,0.059258729518880976,0.3541614309245316,-0.3610630802766017,-0.052896270344494956,-0.4749100074514342,0.09585393647311125,-0.5276488714505725,0.17705344280349755,-0.553905537107652,0.03618093919072704,0.021680469855756394,0.0342669330220903,0.00830904916920782,0.11243283248591965,0.019004014934391415,0.11357801925758075,0.5381165230800993,-0.19284245683105025,0.45691701674971286,-0.16658579117397074,0.30816680993210677,-0.11384692717483247,0.040868238821236955,0.11920162255270887,0.0371227781667725,0.11811097400974202,0.04217941599749159,0.049832550200280844
DP01023,MPRGFLVKRSKKSTPVSYRV,20,0.28320312499999994,2.1178336430798685,2.510640673674643,1.8447245723892536,2.745179331966809,1.505049752034247,3.0513459522894446,1.2665191154554487,0.05462648433263145,0.055959818619465584,0.11861816668873362,0.02695022225213665,0.2267884928429959,0.028568139085676344,0.08744347431745511,-0.07871748158030112,0.09215819205053366,-0.1975231362507065,0.194185264141028,-0.34528567414548184,0.3273713413140631,-0.4490493036947749,0.023763162523565123,0.02434317860447104,0.05160029622459015,0.011723663333779003,0.09865565905882799,0.01242747616623048,0.03803893875318666,0.4060888228943642,-0.3703318221144738,0.27290274572132905,-0.2665681925651807,0.1708756736308349,-0.11880565467040534,0.026816600399446545,0.04485140749842814,0.026497776795141967,0.10147722383595778,0.034018792419639864,0.056809140669322064
DP01082,NKTDTIAPTVQSVVSLSPTTIQVVYSESINNKEALDLSNYKIINSSN,47,0.17674023291481267,1.821758566028372,2.0823358975823183,1.678538921173033,2.215639751218195,1.6353670113157412,2.494725527197184,1.4391084780884082,0.3625297131394584,0.15524084770229454,0.4114404863104417,0.16488802546656564,0.2034515916659541,0.17360807542048834,0.27789182105069377,-0.4718776184698804,-0.3963370262754642,-0.5133965668823461,-0.35769263619977876,-0.5259119749469521,-0.2767865011005849,-0.5828067391031004,0.10509628391430881,0.045003859308332485,0.11927537135829061,0.04780054740461446,0.058980010370399294,0.050328463910459253,0.08056001112210419,0.1950911173692955,-0.1109291206332201,0.11418498227010167,-0.054034356477071756,0.07554059219441622,-0.04151894841246573,0.11652546147595128,0.132420331839905,0.11545614416209213,0.12051502195116347,0.11432662089487816,0.15897120212558982
DP01327,QTQQEEEEEDEDHGPDDYDEEDEDEVEEEETNRL,34,0.4233634793043364,2.278156631411228,3.721764107973191,2.901730656483544,4.558511991463017,2.6211184747761567,5.315191392615416,1.8343090513707825,0.9561627802036496,1.23998651426062,0.5204072560949095,1.3784847624858234,0.6217460708798839,0.5432619932856635,0.7107296048713986,-0.22976840451068148,0.2583069431636549,-0.018941629206991384,0.5412065684292993,-0.11381498666193146,0.7970355023961799,-0.3798307070824116,0.32327311194908825,0.41923227669932583,0.17594668673764527,0.4660577342785498,0.21020875455186566,0.18367374134320102,0.24029357330996215,1.0268039069068615,-0.15006230257173017,0.7709749729399806,0.11595341784875003,0.48807534767433636,0.2108267753036901,0.37180848318490106,0.40279834443964374,0.5671995386018073,0.38560760547413253,0.5293970218425372,0.36805263412072303
DP01641,GPRSPSYGRSRSRSRSRSRSRSRSNSRSRSYSPRRSRGSPRYSPRHSRSRSRT,53,0.08831888434784256,8.518712957114671,8.62105868705974,8.40717843361086,8.705398418056582,8.15026476471311,8.778934918764408,7.725697684457152,0.05396879684797432,0.022102732714296882,0.018788669851143937,0.0342227292582311,0.033544835521166966,0.022338375043960936,0.07738167937195292,1.3325619231386567,1.3605858457508533,1.3020219596547218,1.3836794334936693,1.2316748256895793,1.4038149213749316,1.115421465562437,0.014777532850200472,0.006052087091820769,0.005144642870564051,0.009370738933862465,0.009185120621921417,0.0061166097877281365,0.021188360232374446,0.07125299823627501,-0.21714045757621944,0.05111751035501277,-0.10088709744907731,0.028023922612196918,-0.030539963483934836,0.015993385896491265,0.02583257800676543,0.017498177770995466,0.017399480393908325,0.0159688207237021,0.015647454342620708
DP02138,KKEEEDDEEDEEDEEEEEEEEDEDEEEDDDD,31,0.5775036214335225,5.390540255042863,5.701558256406503,4.686916475665467,5.822514973995348,4.389042404200483,5.879828642312964,3.5462822816171253,0.9136833548648386,0.16621010035155676,0.8737206408100721,0.4934077289701395,0.4068218798470523,0.16645618181213934,1.5955551232805227,0.9042577171375226,1.0141276747380323,0.6556961725711103,1.0568567430707856,0.5504694285927632,1.07710332134078,0.2527566964368724,0.3227670135463325,0.05871524027013083,0.30864981878735487,0.17430079938791151,0.1437135551440165,0.058802170799945624,0.563644461013507,0.17284560420325715,-0.6515010207006503,0.15259902593326277,-0.3537882885447595,0.10986995760050956,-0.24856154456641222,0.32807962497601767,0.6495179931801929,0.3668232731178372,0.3533159081696587,0.32806405544283207,0.4465907026249935
DP02143,MRVKGPSSRRKKKKILKLAKGYRGQRSRSYRRAKEAVMRALYYQYRDRKLRKREFRRLW,59,0.24094402787871563,7.560064413076114,8.45491684876133,6.575402219569218,8.802858630658154,5.91009266459027,9.170892164666123,5.2955387455495515,0.3967668492887272,0.17906217600316587,0.9171629628764616,0.06749861013982708,0.6351949801358114,0.08494491841997709,0.562624405925601,0.9672566657428081,1.2001124091294755,0.7110309039184857,1.290652747455567,0.5379061016283202,1.3864212996046437,0.37798877452193724,0.10324544691166539,0.04659500767154289,0.2386613200239908,0.017564280338177723,0.1652884804205126,0.022104104919217774,0.14640438922085447,0.41916463386183583,-0.5892678912208709,0.323396081712759,-0.4293505641144878,0.2328557433866675,-0.25622576182432233,0.10558510199014491,0.17914761369083584,0.10472882245011453,0.194884335100879,0.11327275509980612,0.26003624359612504
E1A,MRHIICHGGVITEEMAASLLDQLIEEVLADNLPPPSHFEP,40,0.2473196828739016,2.052032626814308,2.2442131237740783,1.7778312247881745,2.3870929834568684,1.9082760368760503,2.6345666366525293,1.489490232611674,0.1363781592605919,0.19615530978250426,0.4400145865603466,0.2841875576427158,0.2578795064888537,0.1006107118534929,0.1076113259941568,-0.3577619960184546,-0.2976140153485579,-0.44358059306464137,-0.2528959759310774,-0.4027544314089543,-0.17544253635631524,-0.5338245496478189,0.04268315992917484,0.061392003703505074,0.13771422837169847,0.08894402915035345,0.0807102271917895,0.031488789172062666,0.03367981693331464,0.1823194596621394,-0.17606255362936432,0.1048660200873772,-0.044992435390499734,0.060147980669896677,-0.08581859704618681,0.05304145534449566,0.054370784528100236,0.09865542287699365,0.09130165888355914,0.0747718547333868,0.14417718556537243
Fibs1NTD,MKPGFSPRGGGFGGRGGFGDRGGRGGRGGFGGGRGRGGGFRGRGRGGGGGGGGGGGGGRGGGGFHSGGNRGRGRGGKRGNQSGKNVMVEP,90,0.17288668331917528,7.3460600182968125,7.911253744821705,6.719127178192139,8.154152780039354,5.835730762738532,8.334261292410785,5.123091967867727,0.2141703292683288,0.03559595987126266,0.10413168711757792,0.04993295213780189,0.2244474019863337,0.04073084365564237,0.4006419988448154,0.5641540213417158,0.6844974486999349,0.4306648420376422,0.7362165337291089,0.2425683587215448,0.7745659963256539,0.09083030676104342,0.04560204802884318,0.007579241612167321,0.0221721571493259,0.01063193435518846,0.04779028561190823,0.008672582682136151,0.08530638084233809,0.21041197498393815,-0.4733237145806722,0.17206251238739315,-0.32158566262017085,0.12034342735821917,-0.13348917930407347,0.046419397613534454,0.0967301679769189,0.0468250447149595,0.0660564772243622,0.04622760742068022,0.0507065216424803
NproteinNTD,MSDNGPQNQRNAPRITFGGPSDSTGSNQNGERSGARSKQRRPQGLPNNT,49,0.3641294308897352,2.4518661165631244,3.972043118588626,2.1554131530374288,4.495977011507112,1.279531633910324,4.6885853694336745,1.2712293960100838,0.6985947618910301,0.17374914139938347,0.2282948574787054,0.024715169790695646,0.3372640221968065,0.019601635748478882,0.31937892578481514,-0.30314270749332695,0.1289145009350554,-0.3873991063735702,0.2778244073957892,-0.6363378309851397,0.3325666047417857,-0.6386974520859108,0.19855115703182147,0.04938212385782862,0.06488483820593295,0.007024423637098488,0.09585551665334018,0.005571080216865233,0.09077230277894173,0.6357093122351126,-0.3355547445925838,0.580967114889116,-0.33319512349181285,0.43205720842838236,-0.08425639888024332,0.1986293001887128,0.21831668033035612,0.198675374634373,0.22047866570612634,0.20459999050680566,0.20888418845782736
P03520,DNLTKVREYLKSYSRLDQAVGEIDEIEAQRAEKSNYELFQEDGVEEHTKPSYFQAADDS,59,0.21010050025114324,4.502234331877767,5.131484860566016,3.3030227895955684,5.956053404996215,2.9715669814379675,6.106204557016529,2.047655929380831,0.43701408305659867,0.3082234140898206,1.105718710692694,0.044620168435512135,0.3712470491843208,0.05869739460879112,0.2503949201204272,0.17155754451023375,0.33529917809248744,-0.14049758773307086,0.5498658638718381,-0.2267479967731565,0.5889377339699309,-0.46716528376996136,0.11371845806360847,0.08020494704482098,0.28772671569892955,0.01161092273625372,0.09660476316603708,0.015274055153042745,0.06515699453870367,0.4173801894596971,-0.6387228282801952,0.3783083193616043,-0.39830554128339024,0.1637416335822537,-0.3120551322433046,0.11473963772464539,0.1310622815369904,0.11430967251791044,0.14921249267648734,0.13915718175799344,0.30938414734962955
P15516,DSHAKRHHGYKRKFHEKHHSHRGY,24,0.2487940995376654,2.587504749626245,2.9152379455063127,2.3654878357872646,3.2154760948539227,2.151196215300025,3.4731968233198125,1.9477046504696425,0.15266067819406987,0.034715966505304674,0.12793645070037166,0.025130573312321682,0.22339446248247125,0.040126500220474925,0.5239550346264192,0.032217103986002416,0.16295766026141223,-0.056350716371384446,0.28272978940261373,-0.14183673371676575,0.3855407094647507,-0.2230143523337511,0.060899970583931685,0.01384902362531191,0.05103688897779256,0.010025182604862683,0.0891173572313149,0.016007414037270913,0.20901810848427993,0.3533236054787484,-0.2552314563197534,0.2505126854166114,-0.17405383770276814,0.13074055627540992,-0.08856782035738674,0.0629685931340725,0.21770938448185911,0.061719613603655896,0.1079384536530774,0.06245479863467812,0.07945797916921413
Q02199,GCQTSRGLFGNNNTNNINNSSSGMNNASAGLFGSKPCA,38,0.41810532921299826,1.7371979150824393,1.8500085019711057,1.6606972945500433,2.05629981703439,1.7606254409876307,2.099872675058214,1.6076332054211941,0.13027144235461768,0.17489092662414354,0.1556379871049158,0.048976667564610575,0.36596667224419804,0.08323042880373134,0.27254080879335146,-0.4428882395849967,-0.40671037861167625,-0.4674216534278407,-0.3405536576673165,-0.4353751346670749,-0.3265800329989875,-0.484439074328895,0.04177748082234981,0.05608675394223233,0.04991242058873441,0.015706602713074145,0.11736390842807931,0.02669163387105604,0.08740264333358208,0.11630820658600917,-0.04155083474389827,0.10233458191768016,0.00751310491792177,0.03617786097332045,-0.024533413842843996,0.04957621629943447,0.09687404175298543,0.044632446411194564,0.12457786683587256,0.06993627007239032,0.0650892282400746
Q03281,ACETNKRKREQISTDNEAKMQIQEEKSPKKKRKKRSSKANKPPECA,46,0.3923763384475556,5.135400038670018,5.470729845480138,4.611364888344255,5.620393294069944,4.117408254814614,5.703167299250977,3.625401466374377,0.04984271274976961,0.026570880427282662,0.11979480282942573,0.054403168796547996,0.2615493755961828,0.024070209694464276,0.28338913478999395,0.5040232340292969,0.6022324907000962,0.35054715901993827,0.6460649676773551,0.2058802883112878,0.6703072907736054,0.06178447580553059,0.014597616049034484,0.007781910116119643,0.03508473836793383,0.015933253350992455,0.07660091419954734,0.007049529609344172,0.08299720368152581,0.16628405674430846,-0.4422387582237665,0.1420417336480581,-0.29814294571800926,0.09820925667079917,-0.15347607500935861,0.016210683576828255,0.08427114697966151,0.021609233134517788,0.07797942325076175,0.016542325089611627,0.0380003850067522
Q16236_tail,EDGKPYSPSEYSLQQTRDGNVFLVPKSKKPDVKKN,35,0.13545739418040834,3.2370610295298934,3.2987344586987115,2.974077803264232,3.4539515366506714,2.6313201414127674,3.555271524512266,2.646601110841748,0.06968453750080339,0.04623628242404704,0.12509469437831516,0.04069591921335102,0.22313952617468086,0.0356158686075016,0.10783188019529596,0.07946558668534576,0.10003187931724078,-0.008231660922770723,0.15179225472768842,-0.12253135968227213,0.18557952013363344,-0.11743560137580267,0.02323776396861011,0.015418453738659228,0.0417154376845106,0.013570903949166248,0.0744105339187327,0.011876855008596575,0.03595879186599813,0.10611393344828778,-0.1969011880611484,0.07232666804234275,-0.20199694636761786,0.020566292631895088,-0.08769724760811642,0.02609699904502546,0.0428138807715793,0.02691027885879911,0.07795461007747845,0.027887674516746803,0.04775114046251798
Q8B9Q8,MSFPEGKDILFMGNEAAKLAEAFQKSLRKPSHKRSQSIIGEKVNTVSETLELPTISRPTKP,61,0.22408619172231425,2.6471936939029552,3.4693494866089525,2.998547548569855,4.342231365693296,2.472682034813505,4.803190351204878,1.8260110472132376,0.3750359380801429,0.4349036969885116,0.5756889319808824,0.30254970909495266,0.5800287163334279,0.12404587844753726,0.351141270476962,-0.32197722340042667,-0.1113993746197175,-0.23198535138180598,0.11217089024731419,-0.3666747005504176,0.2302358025259028,-0.5323058213743233,0.09605753770394333,0.11139140020797439,0.14745056586464886,0.07749172049345066,0.14856211000414019,0.03177173288242793,0.08993742306648887,0.5522130259263296,-0.21032859797389653,0.43414811364774086,-0.0446974771499909,0.2105778487807092,0.08999187201862067,0.10117555811606303,0.1315894776096672,0.12341805903019044,0.17691170418778615,0.14708873032981695,0.17597931674929768
fl,KVSSKRIPYAPSGEIPKFSLQDPPNKKPKV,30,0.25251482871323083,3.4642332752389566,3.7852847748036895,3.1900808100657803,3.961332389336612,2.744588068208524,4.1549161234444805,2.25966354828115,0.043081558748907386,0.04536062038573442,0.09122803815493892,0.03562500624383648,0.36192845308706617,0.022661122772947212,0.16908890924768424,0.2429817958836311,0.35817645449754254,0.14461471248236268,0.4213430956233677,-0.015229998982300263,0.4908017718606543,-0.18922300198114073,0.01545784853633718,0.01627558565194102,0.032733012384376634,0.012782405433212345,0.12986148531481753,0.008130908297194402,0.06066982774599479,0.2478199759770234,-0.4322047978647718,0.17836129973973677,-0.25821179486593127,0.1151946586139116,-0.09836708340126832,0.017465873900544635,0.06260809117119784,0.020058289309693333,0.13077824914542518,0.02244637542424188,0.0361993809495148
p53,MEEPQSDPSVEPPLSQETFSDLWKLLPENNVLSPLPSQAMDDLMLSPDDIEQWFTEDPGPD,61,0.1477022805284214,4.732805058513673,4.89458483115529,4.491688949024124,6.088241613539697,3.559394708797153,6.3948279142711355,3.404886418377409,1.0225302718832854,0.4946148702046999,0.3991593726049682,0.7060259946372712,0.7933529433305684,0.6635265156687269,0.6693266875271502,0.2122080957917185,0.25364456902628274,0.15045129483849595,0.5593745531083836,-0.08833619200932274,0.6379001613281734,-0.1279102285897712,0.2618995412750623,0.12668515659282253,0.10223624615860304,0.1808336527614088,0.20320060700482898,0.16994830848129208,0.17143390004841488,0.4256920655364549,-0.3401183243814897,0.3471664573166651,-0.3005442878010412,0.041436473234564286,-0.061756800953222515,0.3122079391619318,0.31301909175942927,0.31826432362286833,0.3314843230187802,0.29093040167888273,0.2811469717935631
pro,KVSSKRISYASSGEISKFSLQDSSNKKSKV,30,0.25251482871323083,2.457004993951746,3.2086018600314854,1.9738618553280831,3.665665394457323,1.5088036455565266,4.001271476447582,1.3825229580008558,0.19436994729992946,0.09353488552689716,0.14336659739057647,0.047721204823530115,0.33307616597349965,0.009310324110629806,0.3153115861726869,-0.11841604267641848,0.15126014485337835,-0.29176987840327806,0.3152565064478092,-0.45863476389006796,0.43567341182290886,-0.5039448176111299,0.06974077291143392,0.03356071914122842,0.051440551641826766,0.017122573499092814,0.11950916062926434,0.0033405843266981062,0.11313515300634835,0.5540894544993273,-0.38552877493471144,0.43367254912422765,-0.34021872121364954,0.26967618752979683,-0.17335383572685958,0.06982073409760152,0.13290349224927855,0.07181196230097066,0.13836984816279702,0.07739571871596394,0.0866597124360544
puma_wildfull,VEEEEWAREIGAQLRRIADDLNAQYERRRQEEQH,34,0.18200836284267946,2.6034129167026103,3.2719221732734614,1.8694931182281973,4.172375193231881,1.6693049208988742,4.453297136014012,1.4431319595267875,0.19489916227903487,0.3300468530130559,0.1507433170352308,0.04484611245670947,0.15056233379004902,0.02493744146978824,0.154979195475152,-0.11980113355630395,0.10621798391279658,-0.3679351773467753,0.41065594777488523,-0.4356176503168536,0.5056340336596137,-0.5120854218880527,0.06589428077590995,0.11158693422453576,0.050965444600476896,0.015162211532236658,0.05090425521087516,0.008431204889892994,0.05239757062908022,0.6254351672159177,-0.3922842883317488,0.5304570813311891,-0.31581651676054967,0.22601911746910058,-0.24813404379047133,0.06643147939696821,0.08418765733053692,0.06761618813215327,0.08326643644079147,0.12959050940792433,0.08330385814773968
r1,KPSKSPKSISPKPALDPGFPYVNREQKVKI,30,0.11067667352620747,3.4038731642546405,3.66709696294048,3.083218885893268,3.82123992994002,2.874597155143108,4.002845582299998,2.2636780567179837,0.029433213528875,0.029081046083868245,0.042424178473083766,0.02446610314152127,0.04878992580894724,0.017972920998721505,0.3347988557740253,0.22132432850483696,0.3157701593755273,0.10627219456680237,0.37107731877307204,0.03141782046859798,0.43623820777164957,-0.18778257909101037,0.010560763581437474,0.010434404387795686,0.01522197766653689,0.008778543015127803,0.01750603518432262,0.006448761340624357,0.12012726913752006,0.21491387926681255,-0.40910690759584734,0.14975299026823508,-0.18990650803623899,0.09444583087069039,-0.1150521339380345,0.012374015122479336,0.12059059050299568,0.013732900090347458,0.02044482808188314,0.01484609451509271,0.018526692405919733
r2,DKKPYVFLSPNPKSPIKVQKKPSEAGRPIS,30,0.1850320784408667,3.3480244000021897,3.8182635015483415,2.587237729736737,4.044678629434534,2.0760097867410097,4.239698324331216,1.609265471158283,0.022790598726594054,0.042988606451261985,0.30721112874895484,0.02444948326079316,0.28627404537133644,0.017804302852234655,0.18738159401889085,0.20128555173291063,0.3700093634670447,-0.0716879770562705,0.4512480849719611,-0.2551187613607402,0.5212219901151229,-0.42258862886308834,0.008177364826129106,0.015424496852233047,0.11022867404951919,0.008772579730454552,0.10271635850099935,0.0063882604245813004,0.06723332170321947,0.31993643838221225,-0.623874180595999,0.2499625332390505,-0.45640431309365076,0.16872381173413423,-0.2729735287891811,0.010376857267587579,0.06772878887702197,0.011992808287752938,0.10304134897799735,0.017458075456480326,0.11053157864707606
